,xB,t,Q2,phi,deg/rad,obs,value,units,stat+syst_u,col,lepton,E_lepton,hadron,E_hadron
0,0.10852,-0.139944,1.36679,0.301683,deg,ALU,0.129798,none,0.056638,CLAS,e-,10.2,p,0.93827208816
1,0.0997291,-0.149211,1.3595,0.637473,deg,ALU,-0.0121261,none,0.0796433,CLAS,e-,10.2,p,0.93827208816
2,0.0933342,-0.15243,1.34826,0.849838,deg,ALU,-0.0650657,none,0.0808073,CLAS,e-,10.2,p,0.93827208816
3,0.0909908,-0.149641,1.34015,1.09658,deg,ALU,0.504813,none,0.0658236,CLAS,e-,10.2,p,0.93827208816
4,0.0914016,-0.144653,1.34713,5.21343,deg,ALU,-0.159961,none,0.0854133,CLAS,e-,10.2,p,0.93827208816
5,0.0929709,-0.159054,1.34466,5.43878,deg,ALU,-0.124905,none,0.0743217,CLAS,e-,10.2,p,0.93827208816
6,0.0998266,-0.149438,1.35722,5.66567,deg,ALU,-0.130172,none,0.0748107,CLAS,e-,10.2,p,0.93827208816
7,0.110002,-0.150133,1.36916,6.01667,deg,ALU,0.119229,none,0.0864193,CLAS,e-,10.2,p,0.93827208816
8,0.110013,-0.280132,1.36689,0.498833,deg,ALU,-0.02502,none,0.108752,CLAS,e-,10.2,p,0.93827208816
9,0.0953973,-0.294454,1.35229,0.757412,deg,ALU,0.196018,none,0.0574138,CLAS,e-,10.2,p,0.93827208816
10,0.0922372,-0.259531,1.34312,0.972862,deg,ALU,0.328134,none,0.0894706,CLAS,e-,10.2,p,0.93827208816
11,0.0928713,-0.279477,1.35134,5.4243,deg,ALU,-0.167878,none,0.0783341,CLAS,e-,10.2,p,0.93827208816
12,0.10228,-0.294731,1.36259,5.65026,deg,ALU,-0.248583,none,0.0755714,CLAS,e-,10.2,p,0.93827208816
13,0.12147,-0.135744,1.58525,0.0986021,deg,ALU,-0.0606458,none,0.0437757,CLAS,e-,10.2,p,0.93827208816
14,0.120994,-0.145201,1.59433,0.288461,deg,ALU,0.0630693,none,0.0401014,CLAS,e-,10.2,p,0.93827208816
15,0.117918,-0.148405,1.60421,0.479294,deg,ALU,0.180689,none,0.0299165,CLAS,e-,10.2,p,0.93827208816
16,0.11335,-0.152217,1.60027,0.657205,deg,ALU,0.115477,none,0.0316787,CLAS,e-,10.2,p,0.93827208816
17,0.109986,-0.155441,1.59781,0.834717,deg,ALU,0.141207,none,0.0394003,CLAS,e-,10.2,p,0.93827208816
18,0.107431,-0.154559,1.58925,1.01918,deg,ALU,0.0899433,none,0.0905602,CLAS,e-,10.2,p,0.93827208816
19,0.118214,-0.160352,1.58949,2.21961,deg,ALU,0.210126,none,0.0794509,CLAS,e-,10.2,p,0.93827208816
20,0.117058,-0.161098,1.56715,2.53583,deg,ALU,-0.0998786,none,0.0997401,CLAS,e-,10.2,p,0.93827208816
21,0.116366,-0.170438,1.58538,2.8685,deg,ALU,0.254379,none,0.0670622,CLAS,e-,10.2,p,0.93827208816
22,0.117677,-0.168185,1.57245,3.27273,deg,ALU,0.036488,none,0.11475,CLAS,e-,10.2,p,0.93827208816
23,0.105699,-0.155284,1.56863,5.19825,deg,ALU,-0.20039,none,0.115827,CLAS,e-,10.2,p,0.93827208816
24,0.108377,-0.157575,1.58655,5.3832,deg,ALU,-0.122991,none,0.0491585,CLAS,e-,10.2,p,0.93827208816
25,0.11211,-0.157372,1.60607,5.56029,deg,ALU,-0.160578,none,0.0326173,CLAS,e-,10.2,p,0.93827208816
26,0.116755,-0.153126,1.60655,5.74501,deg,ALU,-0.240773,none,0.0349216,CLAS,e-,10.2,p,0.93827208816
27,0.120068,-0.150085,1.59441,5.93031,deg,ALU,-0.0701983,none,0.0529358,CLAS,e-,10.2,p,0.93827208816
28,0.121541,-0.142421,1.58344,6.14694,deg,ALU,-0.0620141,none,0.0414971,CLAS,e-,10.2,p,0.93827208816
29,0.145422,-0.170424,1.68868,0.0974614,deg,ALU,0.0732246,none,0.057557,CLAS,e-,10.2,p,0.93827208816
30,0.149063,-0.169978,1.68968,0.27841,deg,ALU,0.0725181,none,0.0606747,CLAS,e-,10.2,p,0.93827208816
31,0.151091,-0.171763,1.72378,0.448866,deg,ALU,-0.135158,none,0.120338,CLAS,e-,10.2,p,0.93827208816
32,0.166442,-0.160086,1.71716,0.723672,deg,ALU,0.308131,none,0.120157,CLAS,e-,10.2,p,0.93827208816
33,0.174341,-0.162903,1.69089,1.58276,deg,ALU,0.277034,none,0.0830954,CLAS,e-,10.2,p,0.93827208816
34,0.158769,-0.17683,1.68247,2.10796,deg,ALU,0.386755,none,0.0622165,CLAS,e-,10.2,p,0.93827208816
35,0.152785,-0.173971,1.67679,2.53767,deg,ALU,0.144717,none,0.0819198,CLAS,e-,10.2,p,0.93827208816
36,0.151942,-0.177809,1.6764,2.87002,deg,ALU,-0.0623008,none,0.103576,CLAS,e-,10.2,p,0.93827208816
37,0.152236,-0.177797,1.65257,3.38909,deg,ALU,-0.000776718,none,0.0885842,CLAS,e-,10.2,p,0.93827208816
38,0.135179,-0.173618,1.74714,5.77544,deg,ALU,-0.132423,none,0.128749,CLAS,e-,10.2,p,0.93827208816
39,0.138698,-0.178743,1.71079,6.00308,deg,ALU,-0.20428,none,0.0912097,CLAS,e-,10.2,p,0.93827208816
40,0.141328,-0.170046,1.7035,6.19079,deg,ALU,0.0735508,none,0.0664305,CLAS,e-,10.2,p,0.93827208816
41,0.244465,-0.191201,1.70299,0.227298,deg,ALU,0.279535,none,0.0667114,CLAS,e-,10.2,p,0.93827208816
42,0.2598,-0.197617,1.71575,0.699918,deg,ALU,0.261341,none,0.0889208,CLAS,e-,10.2,p,0.93827208816
43,0.248131,-0.196998,1.7192,1.38316,deg,ALU,0.620482,none,0.0880599,CLAS,e-,10.2,p,0.93827208816
44,0.265029,-0.187994,1.69874,5.84027,deg,ALU,-0.134158,none,0.111455,CLAS,e-,10.2,p,0.93827208816
45,0.241687,-0.210462,1.70983,6.18515,deg,ALU,-0.0391029,none,0.151501,CLAS,e-,10.2,p,0.93827208816
46,0.12524,-0.246792,1.50743,0.276232,deg,ALU,0.0553934,none,0.0797645,CLAS,e-,10.2,p,0.93827208816
47,0.122736,-0.283912,1.57966,0.493411,deg,ALU,0.144641,none,0.0416775,CLAS,e-,10.2,p,0.93827208816
48,0.11558,-0.302211,1.60703,0.66374,deg,ALU,0.178948,none,0.0268465,CLAS,e-,10.2,p,0.93827208816
49,0.10988,-0.289109,1.59598,0.826725,deg,ALU,0.0881947,none,0.0453301,CLAS,e-,10.2,p,0.93827208816
50,0.107752,-0.267865,1.59433,1.00835,deg,ALU,0.130596,none,0.105662,CLAS,e-,10.2,p,0.93827208816
51,0.116994,-0.28677,1.59859,2.42004,deg,ALU,0.156402,none,0.0803841,CLAS,e-,10.2,p,0.93827208816
52,0.115194,-0.293486,1.59449,2.67318,deg,ALU,0.142621,none,0.0949008,CLAS,e-,10.2,p,0.93827208816
53,0.112573,-0.294486,1.56785,2.87791,deg,ALU,0.109925,none,0.0888719,CLAS,e-,10.2,p,0.93827208816
54,0.116799,-0.293796,1.57672,3.19625,deg,ALU,0.0251794,none,0.106692,CLAS,e-,10.2,p,0.93827208816
55,0.105853,-0.267014,1.56492,5.25847,deg,ALU,-0.233708,none,0.120597,CLAS,e-,10.2,p,0.93827208816
56,0.110239,-0.28483,1.59457,5.45365,deg,ALU,-0.10565,none,0.0427178,CLAS,e-,10.2,p,0.93827208816
57,0.115551,-0.298455,1.6024,5.61798,deg,ALU,-0.128623,none,0.0293169,CLAS,e-,10.2,p,0.93827208816
58,0.122996,-0.285341,1.57986,5.79195,deg,ALU,-0.100567,none,0.0479517,CLAS,e-,10.2,p,0.93827208816
59,0.125349,-0.248112,1.50106,6.02175,deg,ALU,-0.258086,none,0.0797813,CLAS,e-,10.2,p,0.93827208816
60,0.14944,-0.293006,1.65721,0.0929998,deg,ALU,-0.0683897,none,0.0510465,CLAS,e-,10.2,p,0.93827208816
61,0.1439,-0.301617,1.66341,0.283133,deg,ALU,-0.0164725,none,0.0478498,CLAS,e-,10.2,p,0.93827208816
62,0.137317,-0.307864,1.70324,0.462577,deg,ALU,0.257012,none,0.0482678,CLAS,e-,10.2,p,0.93827208816
63,0.133437,-0.311715,1.73609,0.631472,deg,ALU,0.655418,none,0.0823347,CLAS,e-,10.2,p,0.93827208816
64,0.16313,-0.301632,1.68269,2.20135,deg,ALU,0.135683,none,0.0976985,CLAS,e-,10.2,p,0.93827208816
65,0.15569,-0.305962,1.66944,2.57398,deg,ALU,-0.0876587,none,0.115124,CLAS,e-,10.2,p,0.93827208816
66,0.159315,-0.308194,1.67814,2.83109,deg,ALU,0.0396971,none,0.111685,CLAS,e-,10.2,p,0.93827208816
67,0.151102,-0.313034,1.65894,3.0674,deg,ALU,-0.072587,none,0.106569,CLAS,e-,10.2,p,0.93827208816
68,0.157458,-0.301661,1.65961,3.44833,deg,ALU,-0.336625,none,0.102589,CLAS,e-,10.2,p,0.93827208816
69,0.135031,-0.31393,1.72468,5.71297,deg,ALU,-0.327082,none,0.163401,CLAS,e-,10.2,p,0.93827208816
70,0.139089,-0.314633,1.68377,5.87637,deg,ALU,-0.0402555,none,0.0443012,CLAS,e-,10.2,p,0.93827208816
71,0.146652,-0.298283,1.65979,6.11797,deg,ALU,-0.0280145,none,0.0316618,CLAS,e-,10.2,p,0.93827208816
72,0.117951,-0.661248,1.55912,0.451774,deg,ALU,0.163241,none,0.0670756,CLAS,e-,10.2,p,0.93827208816
73,0.115169,-0.552733,1.59796,0.60099,deg,ALU,0.142182,none,0.0332707,CLAS,e-,10.2,p,0.93827208816
74,0.111666,-0.507494,1.61244,0.76252,deg,ALU,0.172023,none,0.0785696,CLAS,e-,10.2,p,0.93827208816
75,0.11677,-0.545116,1.62419,2.54412,deg,ALU,0.374767,none,0.0933169,CLAS,e-,10.2,p,0.93827208816
76,0.113766,-0.558952,1.54416,3.00049,deg,ALU,-0.137749,none,0.103465,CLAS,e-,10.2,p,0.93827208816
77,0.111388,-0.572104,1.57342,4.43658,deg,ALU,0.2065,none,0.108481,CLAS,e-,10.2,p,0.93827208816
78,0.115927,-0.574042,1.55534,4.78322,deg,ALU,-0.142873,none,0.0916918,CLAS,e-,10.2,p,0.93827208816
79,0.111484,-0.50085,1.58832,5.39058,deg,ALU,0.0935139,none,0.0942523,CLAS,e-,10.2,p,0.93827208816
80,0.113305,-0.536078,1.59483,5.63921,deg,ALU,-0.262938,none,0.0446202,CLAS,e-,10.2,p,0.93827208816
81,0.116043,-0.629595,1.55885,5.78509,deg,ALU,-0.0620986,none,0.0435291,CLAS,e-,10.2,p,0.93827208816
82,0.174693,-0.53293,1.67422,0.179386,deg,ALU,0.0220792,none,0.0694969,CLAS,e-,10.2,p,0.93827208816
83,0.145254,-0.572243,1.65552,0.416525,deg,ALU,0.000613912,none,0.0531102,CLAS,e-,10.2,p,0.93827208816
84,0.137584,-0.563833,1.70765,0.563691,deg,ALU,0.197259,none,0.124671,CLAS,e-,10.2,p,0.93827208816
85,0.160049,-0.528666,1.67899,2.36913,deg,ALU,0.0275525,none,0.178554,CLAS,e-,10.2,p,0.93827208816
86,0.152557,-0.542693,1.66234,2.83519,deg,ALU,-0.0320458,none,0.0961508,CLAS,e-,10.2,p,0.93827208816
87,0.158661,-0.580834,1.66297,3.36541,deg,ALU,0.0476292,none,0.108338,CLAS,e-,10.2,p,0.93827208816
88,0.149002,-0.620516,1.68764,4.79055,deg,ALU,-0.166888,none,0.118065,CLAS,e-,10.2,p,0.93827208816
89,0.153349,-0.622786,1.65763,5.16592,deg,ALU,-0.0637423,none,0.107409,CLAS,e-,10.2,p,0.93827208816
90,0.144389,-0.558375,1.7013,5.67886,deg,ALU,-0.336356,none,0.115614,CLAS,e-,10.2,p,0.93827208816
91,0.14681,-0.578094,1.66333,5.86768,deg,ALU,-0.0152803,none,0.0414831,CLAS,e-,10.2,p,0.93827208816
92,0.174675,-0.555064,1.67026,6.08541,deg,ALU,0.0542667,none,0.0553917,CLAS,e-,10.2,p,0.93827208816
93,0.114406,-1.13479,1.57425,0.121889,deg,ALU,0.198784,none,0.0601381,CLAS,e-,10.2,p,0.93827208816
94,0.113925,-0.983088,1.59106,0.362203,deg,ALU,-0.092953,none,0.0766788,CLAS,e-,10.2,p,0.93827208816
95,0.1161,-0.936701,1.61403,5.81504,deg,ALU,-0.121317,none,0.0948042,CLAS,e-,10.2,p,0.93827208816
96,0.114075,-0.982745,1.57316,5.98626,deg,ALU,0.117809,none,0.0563316,CLAS,e-,10.2,p,0.93827208816
97,0.11479,-1.15331,1.58908,6.18943,deg,ALU,0.0558603,none,0.0723729,CLAS,e-,10.2,p,0.93827208816
98,0.146895,-0.153039,2.0234,0.0963556,deg,ALU,0.0144519,none,0.029808,CLAS,e-,10.2,p,0.93827208816
99,0.145548,-0.155362,2.0326,0.288002,deg,ALU,0.0785324,none,0.0264633,CLAS,e-,10.2,p,0.93827208816
100,0.143273,-0.160538,2.04187,0.472598,deg,ALU,0.130264,none,0.0265379,CLAS,e-,10.2,p,0.93827208816
101,0.138996,-0.164275,2.02645,0.65032,deg,ALU,0.106946,none,0.0352559,CLAS,e-,10.2,p,0.93827208816
102,0.136613,-0.164282,2.01948,0.828154,deg,ALU,0.329336,none,0.057255,CLAS,e-,10.2,p,0.93827208816
103,0.134454,-0.159362,1.98712,1.0379,deg,ALU,-0.272546,none,0.211952,CLAS,e-,10.2,p,0.93827208816
104,0.147823,-0.166996,1.98966,1.96019,deg,ALU,0.24106,none,0.0770047,CLAS,e-,10.2,p,0.93827208816
105,0.146817,-0.170864,1.99981,2.36423,deg,ALU,0.108634,none,0.0838141,CLAS,e-,10.2,p,0.93827208816
106,0.145513,-0.173778,1.97886,2.7288,deg,ALU,0.266575,none,0.0733567,CLAS,e-,10.2,p,0.93827208816
107,0.144367,-0.177492,1.98431,3.20085,deg,ALU,0.0349802,none,0.0850855,CLAS,e-,10.2,p,0.93827208816
108,0.148928,-0.171245,1.98591,3.67741,deg,ALU,-0.127259,none,0.128856,CLAS,e-,10.2,p,0.93827208816
109,0.129211,-0.160286,1.93448,5.26362,deg,ALU,-0.0170134,none,0.154571,CLAS,e-,10.2,p,0.93827208816
110,0.135596,-0.163683,2.00478,5.4523,deg,ALU,-0.294424,none,0.0753994,CLAS,e-,10.2,p,0.93827208816
111,0.13906,-0.167438,2.02773,5.62872,deg,ALU,-0.0965065,none,0.0347301,CLAS,e-,10.2,p,0.93827208816
112,0.142866,-0.163157,2.04206,5.80937,deg,ALU,-0.106931,none,0.0308691,CLAS,e-,10.2,p,0.93827208816
113,0.145114,-0.157457,2.02331,5.99369,deg,ALU,-0.0187838,none,0.0312942,CLAS,e-,10.2,p,0.93827208816
114,0.146986,-0.154157,2.0237,6.18606,deg,ALU,-0.0955899,none,0.0325955,CLAS,e-,10.2,p,0.93827208816
115,0.191893,-0.182097,2.18777,0.094015,deg,ALU,0.00293917,none,0.0443714,CLAS,e-,10.2,p,0.93827208816
116,0.198173,-0.18183,2.16072,0.28139,deg,ALU,0.00804255,none,0.0455674,CLAS,e-,10.2,p,0.93827208816
117,0.201515,-0.177965,2.17113,0.465416,deg,ALU,0.2125,none,0.0510703,CLAS,e-,10.2,p,0.93827208816
118,0.209091,-0.174721,2.1366,0.654307,deg,ALU,0.242538,none,0.061729,CLAS,e-,10.2,p,0.93827208816
119,0.216902,-0.179444,2.12573,0.844025,deg,ALU,0.28868,none,0.080767,CLAS,e-,10.2,p,0.93827208816
120,0.214473,-0.177194,2.13717,1.03951,deg,ALU,0.0712511,none,0.0988354,CLAS,e-,10.2,p,0.93827208816
121,0.20348,-0.173466,2.14073,1.2642,deg,ALU,0.42536,none,0.0532168,CLAS,e-,10.2,p,0.93827208816
122,0.203002,-0.177788,2.11626,1.5007,deg,ALU,0.451736,none,0.0510357,CLAS,e-,10.2,p,0.93827208816
123,0.20059,-0.188483,2.12922,1.72526,deg,ALU,0.214882,none,0.0793078,CLAS,e-,10.2,p,0.93827208816
124,0.193539,-0.188697,2.12026,1.91453,deg,ALU,0.200965,none,0.088152,CLAS,e-,10.2,p,0.93827208816
125,0.190643,-0.184529,2.11876,2.13489,deg,ALU,0.333614,none,0.0693445,CLAS,e-,10.2,p,0.93827208816
126,0.181424,-0.184799,2.10149,2.35243,deg,ALU,0.0383853,none,0.0977493,CLAS,e-,10.2,p,0.93827208816
127,0.180408,-0.187104,2.14178,2.57885,deg,ALU,0.0736695,none,0.0903292,CLAS,e-,10.2,p,0.93827208816
128,0.183704,-0.196907,2.13111,2.87991,deg,ALU,0.160882,none,0.0764931,CLAS,e-,10.2,p,0.93827208816
129,0.180076,-0.195277,2.12913,3.33979,deg,ALU,-0.0941306,none,0.0903668,CLAS,e-,10.2,p,0.93827208816
130,0.188278,-0.197735,2.14203,3.86395,deg,ALU,-0.304386,none,0.104012,CLAS,e-,10.2,p,0.93827208816
131,0.215596,-0.191213,2.17441,4.46151,deg,ALU,-0.21955,none,0.148056,CLAS,e-,10.2,p,0.93827208816
132,0.192733,-0.179604,2.25243,5.66095,deg,ALU,-0.0221449,none,0.101016,CLAS,e-,10.2,p,0.93827208816
133,0.190675,-0.183328,2.22407,5.88613,deg,ALU,0.0447147,none,0.0633879,CLAS,e-,10.2,p,0.93827208816
134,0.190953,-0.183321,2.20853,6.13516,deg,ALU,-0.00338804,none,0.0383895,CLAS,e-,10.2,p,0.93827208816
135,0.308398,-0.236003,2.15874,0.0984499,deg,ALU,0.0552195,none,0.0945899,CLAS,e-,10.2,p,0.93827208816
136,0.300315,-0.227349,2.14229,0.277188,deg,ALU,0.0539578,none,0.0740562,CLAS,e-,10.2,p,0.93827208816
137,0.305268,-0.230226,2.1485,0.479985,deg,ALU,0.0413396,none,0.105902,CLAS,e-,10.2,p,0.93827208816
138,0.303118,-0.24418,2.13098,0.675381,deg,ALU,0.313602,none,0.0725278,CLAS,e-,10.2,p,0.93827208816
139,0.307872,-0.235699,2.11736,0.938243,deg,ALU,0.103809,none,0.100105,CLAS,e-,10.2,p,0.93827208816
140,0.316971,-0.249953,2.15718,1.32815,deg,ALU,0.466141,none,0.0824455,CLAS,e-,10.2,p,0.93827208816
141,0.317833,-0.245372,2.15463,5.18953,deg,ALU,-0.0434758,none,0.134186,CLAS,e-,10.2,p,0.93827208816
142,0.309828,-0.226227,2.18822,5.63743,deg,ALU,-0.162394,none,0.107186,CLAS,e-,10.2,p,0.93827208816
143,0.321698,-0.241255,2.13557,5.87175,deg,ALU,0.159152,none,0.0935939,CLAS,e-,10.2,p,0.93827208816
144,0.305946,-0.242834,2.15008,6.1373,deg,ALU,-0.073077,none,0.0784112,CLAS,e-,10.2,p,0.93827208816
145,0.153261,-0.264514,1.91212,0.101037,deg,ALU,-0.033155,none,0.0661352,CLAS,e-,10.2,p,0.93827208816
146,0.151668,-0.277932,1.95007,0.296362,deg,ALU,0.0437502,none,0.045566,CLAS,e-,10.2,p,0.93827208816
147,0.148376,-0.298517,2.00816,0.478125,deg,ALU,0.0712709,none,0.0296723,CLAS,e-,10.2,p,0.93827208816
148,0.141768,-0.306256,2.03474,0.654422,deg,ALU,0.160004,none,0.0264228,CLAS,e-,10.2,p,0.93827208816
149,0.137748,-0.29632,2.02541,0.823581,deg,ALU,0.179854,none,0.0539101,CLAS,e-,10.2,p,0.93827208816
150,0.146751,-0.295369,2.01813,1.99611,deg,ALU,-0.0053057,none,0.102382,CLAS,e-,10.2,p,0.93827208816
151,0.144763,-0.303447,2.00839,2.37756,deg,ALU,0.387993,none,0.0639864,CLAS,e-,10.2,p,0.93827208816
152,0.142693,-0.30504,1.99067,2.67348,deg,ALU,0.0212293,none,0.0897968,CLAS,e-,10.2,p,0.93827208816
153,0.145027,-0.301062,1.97721,2.89958,deg,ALU,0.0517483,none,0.106315,CLAS,e-,10.2,p,0.93827208816
154,0.146366,-0.299132,2.01449,3.20012,deg,ALU,-0.0564642,none,0.11005,CLAS,e-,10.2,p,0.93827208816
155,0.143012,-0.345654,2.00862,4.47223,deg,ALU,-0.773884,none,0.13566,CLAS,e-,10.2,p,0.93827208816
156,0.138227,-0.291735,2.03428,5.45089,deg,ALU,-0.188897,none,0.0615575,CLAS,e-,10.2,p,0.93827208816
157,0.141915,-0.306378,2.03458,5.62885,deg,ALU,-0.126506,none,0.0281065,CLAS,e-,10.2,p,0.93827208816
158,0.14838200000000001,-0.302286,1.99682,5.80645,deg,ALU,-0.172939,none,0.0324533,CLAS,e-,10.2,p,0.93827208816
159,0.151919,-0.278798,1.94783,5.98718,deg,ALU,-0.101704,none,0.0463163,CLAS,e-,10.2,p,0.93827208816
160,0.153129,-0.264581,1.91112,6.17531,deg,ALU,-0.11134,none,0.0698099,CLAS,e-,10.2,p,0.93827208816
161,0.182314,-0.324723,2.13954,0.0944952,deg,ALU,0.0621024,none,0.0297776,CLAS,e-,10.2,p,0.93827208816
162,0.178358,-0.324752,2.15209,0.281266,deg,ALU,0.0659078,none,0.0312188,CLAS,e-,10.2,p,0.93827208816
163,0.176282,-0.327592,2.23378,0.460397,deg,ALU,0.20115,none,0.0398701,CLAS,e-,10.2,p,0.93827208816
164,0.178427,-0.319098,2.27991,0.630196,deg,ALU,0.200399,none,0.100228,CLAS,e-,10.2,p,0.93827208816
165,0.222556,-0.299856,2.21399,1.08709,deg,ALU,0.176808,none,0.108487,CLAS,e-,10.2,p,0.93827208816
166,0.209741,-0.305728,2.15788,1.59447,deg,ALU,0.294433,none,0.0797271,CLAS,e-,10.2,p,0.93827208816
167,0.208298,-0.316467,2.12111,1.88167,deg,ALU,0.249741,none,0.0852235,CLAS,e-,10.2,p,0.93827208816
168,0.199796,-0.326657,2.1049,2.1314,deg,ALU,0.199409,none,0.0828238,CLAS,e-,10.2,p,0.93827208816
169,0.192709,-0.321122,2.12992,2.3627,deg,ALU,-0.201706,none,0.108981,CLAS,e-,10.2,p,0.93827208816
170,0.193051,-0.337469,2.11313,2.54735,deg,ALU,0.057878,none,0.0890326,CLAS,e-,10.2,p,0.93827208816
171,0.191123,-0.330856,2.11722,2.72548,deg,ALU,0.0113838,none,0.087888,CLAS,e-,10.2,p,0.93827208816
172,0.190352,-0.330086,2.10221,2.91652,deg,ALU,0.00427523,none,0.0848064,CLAS,e-,10.2,p,0.93827208816
173,0.188553,-0.325312,2.10347,3.12618,deg,ALU,0.159279,none,0.0900534,CLAS,e-,10.2,p,0.93827208816
174,0.199049,-0.337401,2.07513,3.39158,deg,ALU,0.0257898,none,0.0973274,CLAS,e-,10.2,p,0.93827208816
175,0.196453,-0.332137,2.10443,3.64333,deg,ALU,0.175598,none,0.0859351,CLAS,e-,10.2,p,0.93827208816
176,0.206192,-0.317528,2.13991,3.96825,deg,ALU,-0.0598139,none,0.123319,CLAS,e-,10.2,p,0.93827208816
177,0.182387,-0.342514,2.18948,4.66208,deg,ALU,-0.37776,none,0.170004,CLAS,e-,10.2,p,0.93827208816
178,0.174395,-0.348476,2.25841,5.33958,deg,ALU,-0.149014,none,0.146099,CLAS,e-,10.2,p,0.93827208816
179,0.165752,-0.329038,2.28705,5.70242,deg,ALU,-0.347884,none,0.0878006,CLAS,e-,10.2,p,0.93827208816
180,0.169613,-0.333829,2.21749,5.87929,deg,ALU,-0.127391,none,0.0419283,CLAS,e-,10.2,p,0.93827208816
181,0.177336,-0.326357,2.14112,6.12779,deg,ALU,-0.0341788,none,0.0248106,CLAS,e-,10.2,p,0.93827208816
182,0.309667,-0.396866,2.13041,0.088664,deg,ALU,0.0756978,none,0.0830051,CLAS,e-,10.2,p,0.93827208816
183,0.305765,-0.383705,2.16641,0.301548,deg,ALU,0.0478776,none,0.102124,CLAS,e-,10.2,p,0.93827208816
184,0.316298,-0.37694,2.19025,0.732343,deg,ALU,0.3544,none,0.0709609,CLAS,e-,10.2,p,0.93827208816
185,0.30762,-0.377983,2.1823,1.39741,deg,ALU,0.38048,none,0.119134,CLAS,e-,10.2,p,0.93827208816
186,0.310623,-0.396639,2.11484,2.05174,deg,ALU,-0.163878,none,0.169927,CLAS,e-,10.2,p,0.93827208816
187,0.30791,-0.402588,2.15331,2.59803,deg,ALU,0.0435184,none,0.145391,CLAS,e-,10.2,p,0.93827208816
188,0.300003,-0.404397,2.17389,3.23122,deg,ALU,-0.344274,none,0.194108,CLAS,e-,10.2,p,0.93827208816
189,0.304701,-0.391237,2.13547,3.90466,deg,ALU,-0.55406,none,0.232943,CLAS,e-,10.2,p,0.93827208816
190,0.323255,-0.382282,2.19321,5.89738,deg,ALU,-0.195411,none,0.123328,CLAS,e-,10.2,p,0.93827208816
191,0.309253,-0.394715,2.1284,6.19021,deg,ALU,-0.0631228,none,0.0803924,CLAS,e-,10.2,p,0.93827208816
192,0.150912,-0.59397,1.94375,0.448263,deg,ALU,0.0485477,none,0.0546952,CLAS,e-,10.2,p,0.93827208816
193,0.1435,-0.578801,2.01847,0.59404,deg,ALU,0.13168,none,0.0297515,CLAS,e-,10.2,p,0.93827208816
194,0.138341,-0.515435,2.02657,0.757981,deg,ALU,0.21003,none,0.0580285,CLAS,e-,10.2,p,0.93827208816
195,0.143325,-0.568002,1.98706,2.46996,deg,ALU,0.107849,none,0.0980986,CLAS,e-,10.2,p,0.93827208816
196,0.145269,-0.558695,1.99162,2.90289,deg,ALU,0.0599243,none,0.106496,CLAS,e-,10.2,p,0.93827208816
197,0.146894,-0.579816,1.9743,3.33464,deg,ALU,0.394992,none,0.0920524,CLAS,e-,10.2,p,0.93827208816
198,0.144637,-0.596117,1.99468,4.62242,deg,ALU,-0.131486,none,0.094495,CLAS,e-,10.2,p,0.93827208816
199,0.145811,-0.586579,1.95628,5.10079,deg,ALU,-0.371466,none,0.111536,CLAS,e-,10.2,p,0.93827208816
200,0.140406,-0.538562,2.03631,5.58351,deg,ALU,-0.158364,none,0.0569257,CLAS,e-,10.2,p,0.93827208816
201,0.146166,-0.586874,2.00772,5.73986,deg,ALU,-0.0250728,none,0.031452,CLAS,e-,10.2,p,0.93827208816
202,0.153975,-0.559372,1.89467,5.88534,deg,ALU,-0.39792,none,0.13502,CLAS,e-,10.2,p,0.93827208816
203,0.205118,-0.569964,2.08816,0.0961659,deg,ALU,0.0346211,none,0.0421025,CLAS,e-,10.2,p,0.93827208816
204,0.18822,-0.578311,2.10929,0.290321,deg,ALU,0.138849,none,0.0351466,CLAS,e-,10.2,p,0.93827208816
205,0.172808,-0.597047,2.18398,0.462957,deg,ALU,0.0495043,none,0.0425362,CLAS,e-,10.2,p,0.93827208816
206,0.171328,-0.587439,2.25747,0.649409,deg,ALU,0.110256,none,0.107239,CLAS,e-,10.2,p,0.93827208816
207,0.198262,-0.737956,2.10711,1.09032,deg,ALU,0.0711478,none,0.110568,CLAS,e-,10.2,p,0.93827208816
208,0.204646,-0.563728,2.1364,1.96279,deg,ALU,0.100978,none,0.133364,CLAS,e-,10.2,p,0.93827208816
209,0.19769,-0.587917,2.1184,2.34291,deg,ALU,0.141417,none,0.105085,CLAS,e-,10.2,p,0.93827208816
210,0.197957,-0.575408,2.11977,2.63877,deg,ALU,-0.0384936,none,0.107105,CLAS,e-,10.2,p,0.93827208816
211,0.190458,-0.565155,2.09398,2.88914,deg,ALU,0.168335,none,0.0899935,CLAS,e-,10.2,p,0.93827208816
212,0.204634,-0.592174,2.09835,3.20616,deg,ALU,0.148223,none,0.101312,CLAS,e-,10.2,p,0.93827208816
213,0.205276,-0.57328,2.09674,3.56209,deg,ALU,-0.0171806,none,0.10536,CLAS,e-,10.2,p,0.93827208816
214,0.199204,-0.570891,2.16155,4.02134,deg,ALU,-0.385581,none,0.177245,CLAS,e-,10.2,p,0.93827208816
215,0.184323,-0.614148,2.16354,4.60635,deg,ALU,-0.209154,none,0.121068,CLAS,e-,10.2,p,0.93827208816
216,0.191574,-0.628401,2.12926,4.9391,deg,ALU,-0.379335,none,0.100818,CLAS,e-,10.2,p,0.93827208816
217,0.199004,-0.654427,2.06775,5.21422,deg,ALU,-0.159063,none,0.0916762,CLAS,e-,10.2,p,0.93827208816
218,0.207691,-0.635228,2.08781,5.46075,deg,ALU,-0.223016,none,0.0835071,CLAS,e-,10.2,p,0.93827208816
219,0.172565,-0.582676,2.23851,5.70971,deg,ALU,-0.150313,none,0.0723849,CLAS,e-,10.2,p,0.93827208816
220,0.178205,-0.590735,2.13806,5.87847,deg,ALU,-0.0161398,none,0.0319415,CLAS,e-,10.2,p,0.93827208816
221,0.197994,-0.577507,2.11109,6.10528,deg,ALU,-0.0622883,none,0.028591,CLAS,e-,10.2,p,0.93827208816
222,0.313831,-0.609302,2.1965,0.14796,deg,ALU,-0.20753,none,0.117322,CLAS,e-,10.2,p,0.93827208816
223,0.303212,-0.653881,2.16467,2.29487,deg,ALU,0.0774096,none,0.158036,CLAS,e-,10.2,p,0.93827208816
224,0.314038,-0.662609,2.19036,2.72531,deg,ALU,-0.0693385,none,0.178602,CLAS,e-,10.2,p,0.93827208816
225,0.296161,-0.688178,2.1473,3.39827,deg,ALU,0.135925,none,0.11264,CLAS,e-,10.2,p,0.93827208816
226,0.320514,-0.657593,2.16281,6.14207,deg,ALU,-0.281703,none,0.138635,CLAS,e-,10.2,p,0.93827208816
227,0.143423,-1.34646,1.9953,0.172248,deg,ALU,-0.0800591,none,0.0807517,CLAS,e-,10.2,p,0.93827208816
228,0.143866,-1.0196,2.01691,0.415778,deg,ALU,0.0589381,none,0.0682012,CLAS,e-,10.2,p,0.93827208816
229,0.141617,-0.968902,2.03415,0.624727,deg,ALU,0.148787,none,0.136641,CLAS,e-,10.2,p,0.93827208816
230,0.14548,-1.0066,2.03703,4.64078,deg,ALU,-0.207461,none,0.194188,CLAS,e-,10.2,p,0.93827208816
231,0.144354,-0.926613,2.03279,5.7651,deg,ALU,-0.0628537,none,0.0790805,CLAS,e-,10.2,p,0.93827208816
232,0.14321,-1.08137,1.98217,5.92087,deg,ALU,-0.110957,none,0.0681173,CLAS,e-,10.2,p,0.93827208816
233,0.142632,-1.31037,1.98647,6.1476,deg,ALU,0.0130041,none,0.0870621,CLAS,e-,10.2,p,0.93827208816
234,0.203895,-1.25165,2.09693,0.195831,deg,ALU,-0.0278717,none,0.0645323,CLAS,e-,10.2,p,0.93827208816
235,0.183298,-1.05438,2.17718,0.387416,deg,ALU,0.0187117,none,0.0637355,CLAS,e-,10.2,p,0.93827208816
236,0.204704,-1.11044,2.12246,0.80181,deg,ALU,0.128113,none,0.0840625,CLAS,e-,10.2,p,0.93827208816
237,0.197791,-1.14589,2.15078,1.16429,deg,ALU,0.11686,none,0.133467,CLAS,e-,10.2,p,0.93827208816
238,0.206158,-1.21752,2.08521,2.60396,deg,ALU,0.0650039,none,0.134623,CLAS,e-,10.2,p,0.93827208816
239,0.211754,-1.31129,2.0888,3.19089,deg,ALU,0.0574452,none,0.124838,CLAS,e-,10.2,p,0.93827208816
240,0.202712,-1.32689,2.09109,4.57481,deg,ALU,-0.0104943,none,0.147765,CLAS,e-,10.2,p,0.93827208816
241,0.202649,-1.10407,2.08923,4.97838,deg,ALU,0.0360523,none,0.125047,CLAS,e-,10.2,p,0.93827208816
242,0.197374,-1.05293,2.1528,5.61106,deg,ALU,0.0759827,none,0.0922088,CLAS,e-,10.2,p,0.93827208816
243,0.188855,-1.10161,2.14677,5.93761,deg,ALU,-0.0183127,none,0.0483487,CLAS,e-,10.2,p,0.93827208816
244,0.207318,-1.33546,2.10534,6.12308,deg,ALU,0.0083249,none,0.060034,CLAS,e-,10.2,p,0.93827208816
245,0.184896,-0.180281,2.68519,0.093743,deg,ALU,0.0116763,none,0.0350254,CLAS,e-,10.2,p,0.93827208816
246,0.183302,-0.181784,2.6795,0.283437,deg,ALU,0.0143155,none,0.0332982,CLAS,e-,10.2,p,0.93827208816
247,0.180468,-0.18397,2.65978,0.461664,deg,ALU,0.0840181,none,0.0434986,CLAS,e-,10.2,p,0.93827208816
248,0.178407,-0.18822,2.63922,0.640192,deg,ALU,0.0433752,none,0.086911,CLAS,e-,10.2,p,0.93827208816
249,0.18438,-0.177148,2.53115,1.00221,deg,ALU,0.0786783,none,0.120694,CLAS,e-,10.2,p,0.93827208816
250,0.195044,-0.188859,2.59738,1.63675,deg,ALU,0.253842,none,0.0737312,CLAS,e-,10.2,p,0.93827208816
251,0.190334,-0.184097,2.62679,2.22597,deg,ALU,0.32266,none,0.0649086,CLAS,e-,10.2,p,0.93827208816
252,0.191681,-0.198219,2.63855,2.74305,deg,ALU,-0.0113255,none,0.0943609,CLAS,e-,10.2,p,0.93827208816
253,0.187638,-0.196045,2.61088,3.31677,deg,ALU,-0.115091,none,0.115246,CLAS,e-,10.2,p,0.93827208816
254,0.17767,-0.185876,2.64424,5.63783,deg,ALU,-0.140645,none,0.112677,CLAS,e-,10.2,p,0.93827208816
255,0.180301,-0.185923,2.65685,5.81656,deg,ALU,-0.059704,none,0.0517021,CLAS,e-,10.2,p,0.93827208816
256,0.183489,-0.180286,2.68668,5.99971,deg,ALU,-0.149684,none,0.0396479,CLAS,e-,10.2,p,0.93827208816
257,0.185036,-0.180449,2.68311,6.18882,deg,ALU,-0.0756371,none,0.0349169,CLAS,e-,10.2,p,0.93827208816
258,0.260952,-0.217643,2.84627,0.100623,deg,ALU,0.0281924,none,0.0527038,CLAS,e-,10.2,p,0.93827208816
259,0.266002,-0.212808,2.7973,0.284997,deg,ALU,0.0725075,none,0.0530535,CLAS,e-,10.2,p,0.93827208816
260,0.268896,-0.216362,2.76677,0.475853,deg,ALU,0.208214,none,0.051634,CLAS,e-,10.2,p,0.93827208816
261,0.266032,-0.210971,2.77997,0.65683,deg,ALU,0.273676,none,0.0521684,CLAS,e-,10.2,p,0.93827208816
262,0.261555,-0.206998,2.77052,0.844693,deg,ALU,0.247133,none,0.0665796,CLAS,e-,10.2,p,0.93827208816
263,0.25822,-0.208778,2.76525,1.03623,deg,ALU,0.257047,none,0.0750758,CLAS,e-,10.2,p,0.93827208816
264,0.254866,-0.212268,2.80099,1.22565,deg,ALU,0.249813,none,0.0753929,CLAS,e-,10.2,p,0.93827208816
265,0.249736,-0.208659,2.78299,1.40719,deg,ALU,0.456992,none,0.058722,CLAS,e-,10.2,p,0.93827208816
266,0.24401,-0.211906,2.7826,1.68752,deg,ALU,0.498534,none,0.055594,CLAS,e-,10.2,p,0.93827208816
267,0.248803,-0.223847,2.80633,2.11161,deg,ALU,0.342191,none,0.0685136,CLAS,e-,10.2,p,0.93827208816
268,0.249565,-0.23565,2.8345,2.67165,deg,ALU,0.0419558,none,0.102754,CLAS,e-,10.2,p,0.93827208816
269,0.256624,-0.244342,2.80804,3.23786,deg,ALU,-0.151178,none,0.109172,CLAS,e-,10.2,p,0.93827208816
270,0.26631,-0.243037,2.78762,3.88488,deg,ALU,-0.113908,none,0.126171,CLAS,e-,10.2,p,0.93827208816
271,0.257863,-0.218092,2.76061,4.60413,deg,ALU,-0.580404,none,0.154738,CLAS,e-,10.2,p,0.93827208816
272,0.276821,-0.220475,2.76687,5.13466,deg,ALU,-0.373527,none,0.0932353,CLAS,e-,10.2,p,0.93827208816
273,0.277485,-0.209057,2.76874,5.5969,deg,ALU,-0.360416,none,0.0838705,CLAS,e-,10.2,p,0.93827208816
274,0.272557,-0.215599,2.81157,5.81457,deg,ALU,-0.364693,none,0.0938095,CLAS,e-,10.2,p,0.93827208816
275,0.267033,-0.210471,2.81197,6.00135,deg,ALU,-0.114714,none,0.0628445,CLAS,e-,10.2,p,0.93827208816
276,0.265936,-0.221089,2.85925,6.18726,deg,ALU,-0.255481,none,0.0701794,CLAS,e-,10.2,p,0.93827208816
277,0.383648,-0.308571,2.83325,0.098589,deg,ALU,0.131694,none,0.0996674,CLAS,e-,10.2,p,0.93827208816
278,0.381133,-0.306579,2.85241,0.318227,deg,ALU,0.0884076,none,0.105262,CLAS,e-,10.2,p,0.93827208816
279,0.379809,-0.309798,2.86247,0.520595,deg,ALU,0.0388802,none,0.116598,CLAS,e-,10.2,p,0.93827208816
280,0.384287,-0.317305,2.80087,0.80964,deg,ALU,0.207393,none,0.102956,CLAS,e-,10.2,p,0.93827208816
281,0.381611,-0.317673,2.86793,1.25886,deg,ALU,0.0553246,none,0.122873,CLAS,e-,10.2,p,0.93827208816
282,0.394057,-0.326117,2.85722,1.85244,deg,ALU,0.555882,none,0.100086,CLAS,e-,10.2,p,0.93827208816
283,0.377011,-0.320073,2.86793,3.83797,deg,ALU,-0.108496,none,0.178505,CLAS,e-,10.2,p,0.93827208816
284,0.401404,-0.322464,2.90465,4.41092,deg,ALU,0.0335076,none,0.175474,CLAS,e-,10.2,p,0.93827208816
285,0.399963,-0.322812,2.80504,5.05205,deg,ALU,-0.226327,none,0.172983,CLAS,e-,10.2,p,0.93827208816
286,0.381365,-0.302705,2.79946,5.52833,deg,ALU,0.0849847,none,0.104006,CLAS,e-,10.2,p,0.93827208816
287,0.385963,-0.309227,2.80918,5.88875,deg,ALU,-0.135714,none,0.113728,CLAS,e-,10.2,p,0.93827208816
288,0.382131,-0.310418,2.81571,6.15947,deg,ALU,0.0439917,none,0.103552,CLAS,e-,10.2,p,0.93827208816
289,0.195602,-0.311717,2.63882,0.0954499,deg,ALU,0.14309,none,0.0358677,CLAS,e-,10.2,p,0.93827208816
290,0.193862,-0.31858,2.67208,0.289529,deg,ALU,0.0951029,none,0.0340945,CLAS,e-,10.2,p,0.93827208816
291,0.188019,-0.322477,2.69878,0.471858,deg,ALU,0.139608,none,0.0296287,CLAS,e-,10.2,p,0.93827208816
292,0.181855,-0.325861,2.67482,0.640881,deg,ALU,0.153944,none,0.0405486,CLAS,e-,10.2,p,0.93827208816
293,0.177672,-0.3235,2.60856,0.851202,deg,ALU,0.311101,none,0.122325,CLAS,e-,10.2,p,0.93827208816
294,0.192672,-0.31922,2.65415,1.74323,deg,ALU,0.265784,none,0.0767745,CLAS,e-,10.2,p,0.93827208816
295,0.191403,-0.318842,2.64995,2.24479,deg,ALU,0.335962,none,0.064942,CLAS,e-,10.2,p,0.93827208816
296,0.190109,-0.317698,2.62139,2.59851,deg,ALU,-0.033104,none,0.099227,CLAS,e-,10.2,p,0.93827208816
297,0.190753,-0.321307,2.61833,2.93788,deg,ALU,0.0856304,none,0.0872671,CLAS,e-,10.2,p,0.93827208816
298,0.191939,-0.32564,2.615,3.4552,deg,ALU,0.0240557,none,0.102742,CLAS,e-,10.2,p,0.93827208816
299,0.195167,-0.34073,2.71815,4.03343,deg,ALU,-0.444091,none,0.166651,CLAS,e-,10.2,p,0.93827208816
300,0.190905,-0.361293,2.65834,4.69299,deg,ALU,-0.12967,none,0.102148,CLAS,e-,10.2,p,0.93827208816
301,0.178778,-0.322963,2.63072,5.48769,deg,ALU,-0.318817,none,0.0825189,CLAS,e-,10.2,p,0.93827208816
302,0.183732,-0.333204,2.67908,5.69687,deg,ALU,-0.0442793,none,0.0366096,CLAS,e-,10.2,p,0.93827208816
303,0.189842,-0.323663,2.6857,5.86946,deg,ALU,-0.10433,none,0.0317591,CLAS,e-,10.2,p,0.93827208816
304,0.19531,-0.313129,2.66102,6.11338,deg,ALU,-0.0468691,none,0.0300341,CLAS,e-,10.2,p,0.93827208816
305,0.23925,-0.358115,2.92166,0.0910332,deg,ALU,0.0785074,none,0.0429653,CLAS,e-,10.2,p,0.93827208816
306,0.246932,-0.365969,2.91759,0.283182,deg,ALU,0.0920092,none,0.0460792,CLAS,e-,10.2,p,0.93827208816
307,0.255145,-0.36312,2.92513,0.469244,deg,ALU,0.237835,none,0.0504992,CLAS,e-,10.2,p,0.93827208816
308,0.267561,-0.362746,2.84,0.645123,deg,ALU,0.179849,none,0.0715418,CLAS,e-,10.2,p,0.93827208816
309,0.275331,-0.347989,2.8117,0.901268,deg,ALU,0.405792,none,0.0636323,CLAS,e-,10.2,p,0.93827208816
310,0.261867,-0.345421,2.82223,1.26214,deg,ALU,0.427738,none,0.0609932,CLAS,e-,10.2,p,0.93827208816
311,0.258788,-0.345231,2.83938,1.56458,deg,ALU,0.336794,none,0.075706,CLAS,e-,10.2,p,0.93827208816
312,0.253339,-0.353729,2.8135,1.8182,deg,ALU,0.34717,none,0.0703325,CLAS,e-,10.2,p,0.93827208816
313,0.252069,-0.356445,2.84607,2.06575,deg,ALU,0.155353,none,0.0947896,CLAS,e-,10.2,p,0.93827208816
314,0.254949,-0.36059,2.79928,2.37009,deg,ALU,0.243799,none,0.0792064,CLAS,e-,10.2,p,0.93827208816
315,0.253263,-0.368302,2.84276,2.60848,deg,ALU,-0.0841826,none,0.119734,CLAS,e-,10.2,p,0.93827208816
316,0.250247,-0.359038,2.83123,2.82718,deg,ALU,0.0410112,none,0.108231,CLAS,e-,10.2,p,0.93827208816
317,0.256898,-0.364506,2.78728,3.08471,deg,ALU,0.107844,none,0.0939725,CLAS,e-,10.2,p,0.93827208816
318,0.25931,-0.378198,2.82172,3.31796,deg,ALU,-0.0159166,none,0.104201,CLAS,e-,10.2,p,0.93827208816
319,0.256713,-0.377501,2.78171,3.70666,deg,ALU,-0.0914631,none,0.116625,CLAS,e-,10.2,p,0.93827208816
320,0.266814,-0.366956,2.80358,4.19559,deg,ALU,-0.0687162,none,0.103379,CLAS,e-,10.2,p,0.93827208816
321,0.248767,-0.375033,2.89185,4.80952,deg,ALU,-0.29739,none,0.108798,CLAS,e-,10.2,p,0.93827208816
322,0.238204,-0.379187,3.03012,5.58259,deg,ALU,-0.170878,none,0.106107,CLAS,e-,10.2,p,0.93827208816
323,0.235369,-0.363514,3.01426,5.87915,deg,ALU,-0.0327145,none,0.06635,CLAS,e-,10.2,p,0.93827208816
324,0.241504,-0.358294,2.93959,6.13525,deg,ALU,0.00587702,none,0.0336685,CLAS,e-,10.2,p,0.93827208816
325,0.384802,-0.485335,2.86272,0.124804,deg,ALU,-0.10564,none,0.102247,CLAS,e-,10.2,p,0.93827208816
326,0.377412,-0.466731,2.87108,0.449994,deg,ALU,0.336631,none,0.0654903,CLAS,e-,10.2,p,0.93827208816
327,0.373835,-0.455236,2.86528,0.833037,deg,ALU,0.219809,none,0.0957939,CLAS,e-,10.2,p,0.93827208816
328,0.379097,-0.466055,2.91218,1.39596,deg,ALU,0.129282,none,0.162541,CLAS,e-,10.2,p,0.93827208816
329,0.391277,-0.47304,2.83006,1.97799,deg,ALU,0.177901,none,0.133356,CLAS,e-,10.2,p,0.93827208816
330,0.38837,-0.493997,2.8719,2.52508,deg,ALU,-0.0185757,none,0.177002,CLAS,e-,10.2,p,0.93827208816
331,0.385242,-0.499069,2.77568,3.9255,deg,ALU,-0.316461,none,0.253284,CLAS,e-,10.2,p,0.93827208816
332,0.380862,-0.454223,2.80378,5.19226,deg,ALU,-0.241717,none,0.186435,CLAS,e-,10.2,p,0.93827208816
333,0.38122,-0.461134,2.8624,5.75443,deg,ALU,-0.139862,none,0.12032,CLAS,e-,10.2,p,0.93827208816
334,0.380076,-0.479556,2.85482,6.13917,deg,ALU,-0.159634,none,0.0909607,CLAS,e-,10.2,p,0.93827208816
335,0.2021,-0.525025,2.53161,0.260415,deg,ALU,0.15354,none,0.0671879,CLAS,e-,10.2,p,0.93827208816
336,0.19205,-0.606507,2.65923,0.484122,deg,ALU,0.157046,none,0.0360082,CLAS,e-,10.2,p,0.93827208816
337,0.183199,-0.577173,2.67746,0.636328,deg,ALU,0.0708785,none,0.0500906,CLAS,e-,10.2,p,0.93827208816
338,0.190126,-0.583694,2.64277,2.34263,deg,ALU,0.231829,none,0.0993209,CLAS,e-,10.2,p,0.93827208816
339,0.188418,-0.609658,2.6109,2.89836,deg,ALU,0.0930666,none,0.107961,CLAS,e-,10.2,p,0.93827208816
340,0.192291,-0.575611,2.65161,3.52998,deg,ALU,-0.0268148,none,0.134803,CLAS,e-,10.2,p,0.93827208816
341,0.187969,-0.59922,2.65055,4.30172,deg,ALU,-0.241036,none,0.1515,CLAS,e-,10.2,p,0.93827208816
342,0.189564,-0.632621,2.64557,4.7535,deg,ALU,-0.125454,none,0.0935874,CLAS,e-,10.2,p,0.93827208816
343,0.184109,-0.569023,2.63114,5.43794,deg,ALU,-0.136562,none,0.106926,CLAS,e-,10.2,p,0.93827208816
344,0.185834,-0.584891,2.67818,5.70276,deg,ALU,-0.100586,none,0.041228,CLAS,e-,10.2,p,0.93827208816
345,0.195709,-0.582413,2.614,5.85795,deg,ALU,-0.00935985,none,0.0426156,CLAS,e-,10.2,p,0.93827208816
346,0.203369,-0.504511,2.52875,6.0753,deg,ALU,-0.259811,none,0.0896178,CLAS,e-,10.2,p,0.93827208816
347,0.242509,-0.608022,2.82696,0.0918737,deg,ALU,-0.034697,none,0.0395356,CLAS,e-,10.2,p,0.93827208816
348,0.234187,-0.615785,2.84335,0.278558,deg,ALU,0.0934845,none,0.041578,CLAS,e-,10.2,p,0.93827208816
349,0.225104,-0.620987,3.0125,0.460919,deg,ALU,-0.000849172,none,0.0588296,CLAS,e-,10.2,p,0.93827208816
350,0.243038,-0.637258,2.96754,0.791567,deg,ALU,0.438559,none,0.0844896,CLAS,e-,10.2,p,0.93827208816
351,0.269012,-0.623956,2.89196,1.56121,deg,ALU,0.401293,none,0.0930305,CLAS,e-,10.2,p,0.93827208816
352,0.258199,-0.601082,2.78453,2.07901,deg,ALU,0.235735,none,0.0946852,CLAS,e-,10.2,p,0.93827208816
353,0.263712,-0.626002,2.77272,2.53156,deg,ALU,0.136015,none,0.101198,CLAS,e-,10.2,p,0.93827208816
354,0.251362,-0.627305,2.77986,2.82112,deg,ALU,0.10617,none,0.100363,CLAS,e-,10.2,p,0.93827208816
355,0.263204,-0.644942,2.77223,3.18485,deg,ALU,0.0225519,none,0.110729,CLAS,e-,10.2,p,0.93827208816
356,0.268368,-0.622779,2.74079,3.61065,deg,ALU,-0.0898755,none,0.117582,CLAS,e-,10.2,p,0.93827208816
357,0.258544,-0.614079,2.87135,4.17425,deg,ALU,-0.12863,none,0.129383,CLAS,e-,10.2,p,0.93827208816
358,0.249324,-0.665915,2.83578,4.78224,deg,ALU,-0.453458,none,0.0995028,CLAS,e-,10.2,p,0.93827208816
359,0.251868,-0.654088,2.79833,5.23287,deg,ALU,-0.319984,none,0.105581,CLAS,e-,10.2,p,0.93827208816
360,0.256758,-0.65915,2.85389,5.5362,deg,ALU,-0.12087,none,0.0991151,CLAS,e-,10.2,p,0.93827208816
361,0.223134,-0.634441,3.02868,5.76543,deg,ALU,-0.141204,none,0.0731315,CLAS,e-,10.2,p,0.93827208816
362,0.22744,-0.633615,2.87479,5.93956,deg,ALU,0.0147439,none,0.039943,CLAS,e-,10.2,p,0.93827208816
363,0.240315,-0.612291,2.80952,6.15556,deg,ALU,0.00049997,none,0.0339391,CLAS,e-,10.2,p,0.93827208816
364,0.391229,-0.717932,2.89355,0.26874,deg,ALU,0.423499,none,0.0679473,CLAS,e-,10.2,p,0.93827208816
365,0.402181,-0.732725,2.94353,0.902319,deg,ALU,0.0775368,none,0.181839,CLAS,e-,10.2,p,0.93827208816
366,0.401434,-0.740731,2.81257,1.60688,deg,ALU,0.674695,none,0.0917888,CLAS,e-,10.2,p,0.93827208816
367,0.404296,-0.77419,2.8934,2.19086,deg,ALU,-0.442036,none,0.250849,CLAS,e-,10.2,p,0.93827208816
368,0.372887,-0.759324,2.90668,2.77136,deg,ALU,-0.117168,none,0.194888,CLAS,e-,10.2,p,0.93827208816
369,0.378667,-0.775114,2.87296,3.44636,deg,ALU,0.0988903,none,0.158318,CLAS,e-,10.2,p,0.93827208816
370,0.385803,-0.758403,2.85315,4.1111,deg,ALU,0.34059,none,0.130906,CLAS,e-,10.2,p,0.93827208816
371,0.387531,-0.700193,2.90565,6.07162,deg,ALU,-0.11512,none,0.0966181,CLAS,e-,10.2,p,0.93827208816
372,0.275222,-1.27546,2.81623,0.138191,deg,ALU,0.0763109,none,0.0678466,CLAS,e-,10.2,p,0.93827208816
373,0.236056,-1.18929,2.90098,0.35245,deg,ALU,0.0580808,none,0.0602879,CLAS,e-,10.2,p,0.93827208816
374,0.248325,-1.17695,2.87834,0.616379,deg,ALU,-0.0637202,none,0.106175,CLAS,e-,10.2,p,0.93827208816
375,0.263245,-1.49393,2.80984,1.14835,deg,ALU,0.0330118,none,0.127813,CLAS,e-,10.2,p,0.93827208816
376,0.268476,-1.1526,2.78172,2.50772,deg,ALU,0.0764736,none,0.145416,CLAS,e-,10.2,p,0.93827208816
377,0.264756,-1.31685,2.75453,3.02426,deg,ALU,-0.185095,none,0.13422,CLAS,e-,10.2,p,0.93827208816
378,0.277694,-1.23004,2.8257,3.61871,deg,ALU,0.217827,none,0.119907,CLAS,e-,10.2,p,0.93827208816
379,0.253484,-1.5499,2.88143,4.45122,deg,ALU,-0.392929,none,0.228327,CLAS,e-,10.2,p,0.93827208816
380,0.259159,-1.3662,2.82922,4.86438,deg,ALU,0.0457497,none,0.125782,CLAS,e-,10.2,p,0.93827208816
381,0.271738,-1.26952,2.80073,5.3641,deg,ALU,-0.129018,none,0.10996,CLAS,e-,10.2,p,0.93827208816
382,0.241971,-1.21391,2.8913,5.79563,deg,ALU,0.00139381,none,0.0734351,CLAS,e-,10.2,p,0.93827208816
383,0.249372,-1.2158,2.82199,5.9887,deg,ALU,-0.0868313,none,0.0516797,CLAS,e-,10.2,p,0.93827208816
384,0.278622,-1.28478,2.80156,6.1888,deg,ALU,-0.044697,none,0.0971339,CLAS,e-,10.2,p,0.93827208816
385,0.256867,-0.226441,3.53402,0.0860084,deg,ALU,0.00909785,none,0.0718643,CLAS,e-,10.2,p,0.93827208816
386,0.265326,-0.229585,3.54557,0.280645,deg,ALU,0.0765629,none,0.0916151,CLAS,e-,10.2,p,0.93827208816
387,0.274509,-0.237676,3.55665,0.461017,deg,ALU,-0.080779,none,0.12423,CLAS,e-,10.2,p,0.93827208816
388,0.293416,-0.242324,3.60305,0.67666,deg,ALU,0.0938286,none,0.0920213,CLAS,e-,10.2,p,0.93827208816
389,0.296223,-0.242247,3.62381,0.964781,deg,ALU,0.254069,none,0.0836062,CLAS,e-,10.2,p,0.93827208816
390,0.278662,-0.245795,3.64783,1.33311,deg,ALU,0.292508,none,0.0675501,CLAS,e-,10.2,p,0.93827208816
391,0.278519,-0.245363,3.67818,1.68026,deg,ALU,-0.0380433,none,0.105861,CLAS,e-,10.2,p,0.93827208816
392,0.271401,-0.252022,3.62031,2.1698,deg,ALU,0.246959,none,0.121535,CLAS,e-,10.2,p,0.93827208816
393,0.282729,-0.251906,3.72533,2.85581,deg,ALU,-0.136657,none,0.121891,CLAS,e-,10.2,p,0.93827208816
394,0.291317,-0.257856,3.76268,4.76792,deg,ALU,-0.214695,none,0.152175,CLAS,e-,10.2,p,0.93827208816
395,0.296254,-0.239778,3.5559,5.39873,deg,ALU,-0.312336,none,0.164617,CLAS,e-,10.2,p,0.93827208816
396,0.261642,-0.227298,3.51432,5.84219,deg,ALU,-0.0767539,none,0.0920482,CLAS,e-,10.2,p,0.93827208816
397,0.259002,-0.224577,3.51806,6.13598,deg,ALU,0.168548,none,0.0519336,CLAS,e-,10.2,p,0.93827208816
398,0.404529,-0.338423,4.05461,0.0944026,deg,ALU,3.35e-05,none,0.0827323,CLAS,e-,10.2,p,0.93827208816
399,0.409185,-0.345942,4.01977,0.281402,deg,ALU,0.314291,none,0.0846564,CLAS,e-,10.2,p,0.93827208816
400,0.408185,-0.343673,3.99438,0.480585,deg,ALU,0.0940388,none,0.0844622,CLAS,e-,10.2,p,0.93827208816
401,0.393378,-0.331881,3.94218,0.657211,deg,ALU,0.226174,none,0.110955,CLAS,e-,10.2,p,0.93827208816
402,0.409489,-0.33701,4.05537,0.84655,deg,ALU,-0.0946389,none,0.134426,CLAS,e-,10.2,p,0.93827208816
403,0.400502,-0.322876,4.09398,1.04517,deg,ALU,0.213834,none,0.11108,CLAS,e-,10.2,p,0.93827208816
404,0.415415,-0.348218,4.13061,1.24951,deg,ALU,0.375281,none,0.0765158,CLAS,e-,10.2,p,0.93827208816
405,0.419762,-0.347673,4.0153,1.49876,deg,ALU,-0.0571195,none,0.174045,CLAS,e-,10.2,p,0.93827208816
406,0.421142,-0.351816,4.11475,1.82024,deg,ALU,0.182147,none,0.110181,CLAS,e-,10.2,p,0.93827208816
407,0.421735,-0.352786,4.16693,2.23849,deg,ALU,0.503252,none,0.0792938,CLAS,e-,10.2,p,0.93827208816
408,0.390402,-0.327795,4.17103,2.984,deg,ALU,-0.192655,none,0.153734,CLAS,e-,10.2,p,0.93827208816
409,0.429376,-0.375542,4.08987,3.65557,deg,ALU,-0.150663,none,0.197222,CLAS,e-,10.2,p,0.93827208816
410,0.427642,-0.365887,4.24203,4.21018,deg,ALU,-0.141813,none,0.13907,CLAS,e-,10.2,p,0.93827208816
411,0.435786,-0.370372,4.13597,4.78599,deg,ALU,-0.315948,none,0.128779,CLAS,e-,10.2,p,0.93827208816
412,0.431503,-0.36226,4.08348,5.19603,deg,ALU,-0.229825,none,0.128785,CLAS,e-,10.2,p,0.93827208816
413,0.397967,-0.321181,4.00624,5.5765,deg,ALU,-0.171718,none,0.128574,CLAS,e-,10.2,p,0.93827208816
414,0.403253,-0.335177,4.02109,5.80907,deg,ALU,-0.203184,none,0.135252,CLAS,e-,10.2,p,0.93827208816
415,0.396152,-0.324252,4.00268,6.00468,deg,ALU,0.0355288,none,0.0891898,CLAS,e-,10.2,p,0.93827208816
416,0.405893,-0.339786,4.07962,6.18824,deg,ALU,0.0271083,none,0.107962,CLAS,e-,10.2,p,0.93827208816
417,0.260762,-0.375851,3.74768,0.0948156,deg,ALU,0.0373978,none,0.0375787,CLAS,e-,10.2,p,0.93827208816
418,0.257648,-0.371534,3.71437,0.279266,deg,ALU,0.0653471,none,0.0396216,CLAS,e-,10.2,p,0.93827208816
419,0.253365,-0.377615,3.60894,0.455702,deg,ALU,0.0499035,none,0.0520882,CLAS,e-,10.2,p,0.93827208816
420,0.266543,-0.373827,3.527,0.64683,deg,ALU,0.197284,none,0.11106,CLAS,e-,10.2,p,0.93827208816
421,0.296078,-0.377277,3.66679,0.981905,deg,ALU,0.241219,none,0.0742343,CLAS,e-,10.2,p,0.93827208816
422,0.284931,-0.371355,3.80866,1.32511,deg,ALU,0.246178,none,0.0762712,CLAS,e-,10.2,p,0.93827208816
423,0.284063,-0.381352,3.77949,1.58708,deg,ALU,0.249966,none,0.0812607,CLAS,e-,10.2,p,0.93827208816
424,0.275149,-0.380318,3.73858,1.96068,deg,ALU,0.294239,none,0.0686309,CLAS,e-,10.2,p,0.93827208816
425,0.281431,-0.38091,3.67316,2.41686,deg,ALU,0.111382,none,0.0970948,CLAS,e-,10.2,p,0.93827208816
426,0.274374,-0.375194,3.70322,2.88839,deg,ALU,0.077052,none,0.0850444,CLAS,e-,10.2,p,0.93827208816
427,0.283255,-0.395887,3.67784,3.31259,deg,ALU,0.0419381,none,0.0899197,CLAS,e-,10.2,p,0.93827208816
428,0.280889,-0.37489,3.66905,3.89814,deg,ALU,-0.176937,none,0.129611,CLAS,e-,10.2,p,0.93827208816
429,0.273064,-0.37454,3.72174,4.58101,deg,ALU,-0.160944,none,0.112864,CLAS,e-,10.2,p,0.93827208816
430,0.286891,-0.40772,3.78541,5.1002,deg,ALU,-0.237468,none,0.10075,CLAS,e-,10.2,p,0.93827208816
431,0.24391,-0.370211,3.55638,5.69376,deg,ALU,-0.211262,none,0.10007,CLAS,e-,10.2,p,0.93827208816
432,0.250208,-0.381202,3.67383,5.88131,deg,ALU,-0.129254,none,0.0572682,CLAS,e-,10.2,p,0.93827208816
433,0.260636,-0.376956,3.74277,6.12989,deg,ALU,-0.140436,none,0.0313996,CLAS,e-,10.2,p,0.93827208816
434,0.396172,-0.5003,3.95255,0.0939881,deg,ALU,0.0498468,none,0.0839981,CLAS,e-,10.2,p,0.93827208816
435,0.403767,-0.510288,3.89531,0.28881,deg,ALU,-0.0354157,none,0.0996355,CLAS,e-,10.2,p,0.93827208816
436,0.395563,-0.492573,4.00158,0.474413,deg,ALU,0.282301,none,0.0721741,CLAS,e-,10.2,p,0.93827208816
437,0.38427,-0.488215,4.03254,0.686644,deg,ALU,0.332003,none,0.0693032,CLAS,e-,10.2,p,0.93827208816
438,0.397626,-0.49754,4.03193,0.934997,deg,ALU,0.113569,none,0.0978344,CLAS,e-,10.2,p,0.93827208816
439,0.402378,-0.503236,4.12268,1.32289,deg,ALU,0.452099,none,0.0686252,CLAS,e-,10.2,p,0.93827208816
440,0.404418,-0.515159,4.08774,1.83509,deg,ALU,0.276031,none,0.0968645,CLAS,e-,10.2,p,0.93827208816
441,0.41077,-0.534455,4.04315,2.32602,deg,ALU,0.28401,none,0.0968227,CLAS,e-,10.2,p,0.93827208816
442,0.38316,-0.492217,4.18032,3.10605,deg,ALU,0.256107,none,0.111466,CLAS,e-,10.2,p,0.93827208816
443,0.414951,-0.525797,4.00042,3.57919,deg,ALU,0.0303533,none,0.138921,CLAS,e-,10.2,p,0.93827208816
444,0.39351,-0.481012,4.06439,4.23115,deg,ALU,-0.148224,none,0.138077,CLAS,e-,10.2,p,0.93827208816
445,0.412831,-0.514609,4.1419,4.93317,deg,ALU,-0.29156,none,0.139391,CLAS,e-,10.2,p,0.93827208816
446,0.42548,-0.532595,4.07277,5.56449,deg,ALU,-0.203253,none,0.101796,CLAS,e-,10.2,p,0.93827208816
447,0.402114,-0.51595,3.98292,5.91986,deg,ALU,-0.126303,none,0.113622,CLAS,e-,10.2,p,0.93827208816
448,0.39906,-0.504119,4.01169,6.15824,deg,ALU,-0.0249437,none,0.0743658,CLAS,e-,10.2,p,0.93827208816
449,0.287164,-0.638865,3.86099,0.0928857,deg,ALU,0.0734173,none,0.0408564,CLAS,e-,10.2,p,0.93827208816
450,0.278299,-0.626341,3.88793,0.286377,deg,ALU,0.021175,none,0.0379933,CLAS,e-,10.2,p,0.93827208816
451,0.2629,-0.642614,3.79562,0.462779,deg,ALU,0.128221,none,0.0397273,CLAS,e-,10.2,p,0.93827208816
452,0.256183,-0.612718,3.64484,0.659999,deg,ALU,0.255115,none,0.0831915,CLAS,e-,10.2,p,0.93827208816
453,0.293568,-0.638461,3.75555,1.32135,deg,ALU,0.450857,none,0.0929198,CLAS,e-,10.2,p,0.93827208816
454,0.284403,-0.644727,3.80166,1.93086,deg,ALU,0.300586,none,0.0993069,CLAS,e-,10.2,p,0.93827208816
455,0.285831,-0.660097,3.73285,2.52899,deg,ALU,-0.111614,none,0.106282,CLAS,e-,10.2,p,0.93827208816
456,0.285106,-0.655051,3.78764,3.02604,deg,ALU,0.145767,none,0.100373,CLAS,e-,10.2,p,0.93827208816
457,0.287434,-0.657654,3.65512,3.67671,deg,ALU,0.11351,none,0.116345,CLAS,e-,10.2,p,0.93827208816
458,0.271771,-0.651497,3.73192,4.38559,deg,ALU,-0.229764,none,0.139703,CLAS,e-,10.2,p,0.93827208816
459,0.27702,-0.651162,3.74172,4.86209,deg,ALU,-0.0430121,none,0.0939898,CLAS,e-,10.2,p,0.93827208816
460,0.276144,-0.665295,3.66622,5.41576,deg,ALU,-0.287994,none,0.0877474,CLAS,e-,10.2,p,0.93827208816
461,0.254483,-0.64048,3.71378,5.76663,deg,ALU,-0.158315,none,0.0499859,CLAS,e-,10.2,p,0.93827208816
462,0.271905,-0.639794,3.84409,5.93014,deg,ALU,-0.121095,none,0.0395727,CLAS,e-,10.2,p,0.93827208816
463,0.286161,-0.641565,3.87164,6.14666,deg,ALU,0.00338064,none,0.0347783,CLAS,e-,10.2,p,0.93827208816
464,0.400716,-0.776407,4.26018,0.083763,deg,ALU,0.0484245,none,0.0960897,CLAS,e-,10.2,p,0.93827208816
465,0.409379,-0.793396,4.19769,0.274663,deg,ALU,0.242801,none,0.0780425,CLAS,e-,10.2,p,0.93827208816
466,0.407647,-0.766477,4.09038,0.474265,deg,ALU,0.0249318,none,0.10788,CLAS,e-,10.2,p,0.93827208816
467,0.411609,-0.762544,4.11115,0.813648,deg,ALU,0.253094,none,0.0905475,CLAS,e-,10.2,p,0.93827208816
468,0.407505,-0.769143,4.04358,1.4513,deg,ALU,0.115324,none,0.1277,CLAS,e-,10.2,p,0.93827208816
469,0.414204,-0.771011,4.12114,1.97419,deg,ALU,0.0965134,none,0.124627,CLAS,e-,10.2,p,0.93827208816
470,0.400994,-0.773797,3.98508,2.43335,deg,ALU,-0.0613049,none,0.158021,CLAS,e-,10.2,p,0.93827208816
471,0.388752,-0.78881,3.99078,2.92453,deg,ALU,-0.00829656,none,0.128987,CLAS,e-,10.2,p,0.93827208816
472,0.400502,-0.800276,4.07119,3.5044,deg,ALU,0.142732,none,0.117182,CLAS,e-,10.2,p,0.93827208816
473,0.427872,-0.828256,3.99076,4.13375,deg,ALU,-0.599993,none,0.199453,CLAS,e-,10.2,p,0.93827208816
474,0.411822,-0.805062,4.17039,4.75308,deg,ALU,-0.596868,none,0.197804,CLAS,e-,10.2,p,0.93827208816
475,0.395172,-0.784029,4.13014,5.36806,deg,ALU,-0.228192,none,0.124662,CLAS,e-,10.2,p,0.93827208816
476,0.416047,-0.781972,4.25808,5.9578,deg,ALU,-0.18235,none,0.101902,CLAS,e-,10.2,p,0.93827208816
477,0.411121,-0.796572,4.20754,6.18774,deg,ALU,-0.0878935,none,0.0936287,CLAS,e-,10.2,p,0.93827208816
478,0.292437,-1.4571,3.72109,0.246333,deg,ALU,0.130053,none,0.0538751,CLAS,e-,10.2,p,0.93827208816
479,0.270836,-1.17258,3.85351,0.458685,deg,ALU,0.179863,none,0.0561623,CLAS,e-,10.2,p,0.93827208816
480,0.277242,-1.32154,3.7409,0.854298,deg,ALU,-0.0336346,none,0.119711,CLAS,e-,10.2,p,0.93827208816
481,0.291998,-1.41509,3.77585,2.75832,deg,ALU,-0.0455624,none,0.168256,CLAS,e-,10.2,p,0.93827208816
482,0.277737,-1.50179,3.78198,4.65304,deg,ALU,-0.337294,none,0.167677,CLAS,e-,10.2,p,0.93827208816
483,0.289498,-1.48222,3.74302,5.19612,deg,ALU,0.100837,none,0.10286,CLAS,e-,10.2,p,0.93827208816
484,0.266433,-1.19783,3.81488,5.76785,deg,ALU,-0.313852,none,0.0755232,CLAS,e-,10.2,p,0.93827208816
485,0.284418,-1.25979,3.7695,5.92679,deg,ALU,-0.0910101,none,0.0574563,CLAS,e-,10.2,p,0.93827208816
486,0.292774,-1.78095,3.66001,6.13343,deg,ALU,0.0248133,none,0.0874726,CLAS,e-,10.2,p,0.93827208816
487,0.379909,-1.38966,4.24985,0.121355,deg,ALU,-0.0031007,none,0.0960991,CLAS,e-,10.2,p,0.93827208816
488,0.381812,-1.92134,4.4088,0.418126,deg,ALU,0.268048,none,0.0896413,CLAS,e-,10.2,p,0.93827208816
489,0.425329,-1.92825,4.21596,1.19415,deg,ALU,-0.0239659,none,0.186465,CLAS,e-,10.2,p,0.93827208816
490,0.439209,-1.7851,4.17538,1.82937,deg,ALU,-0.236754,none,0.208639,CLAS,e-,10.2,p,0.93827208816
491,0.419707,-1.48465,4.18823,2.436,deg,ALU,-0.00386315,none,0.197044,CLAS,e-,10.2,p,0.93827208816
492,0.397672,-1.42844,4.18091,3.11643,deg,ALU,0.0167206,none,0.172997,CLAS,e-,10.2,p,0.93827208816
493,0.421467,-1.62498,4.15144,3.66171,deg,ALU,0.191874,none,0.12516,CLAS,e-,10.2,p,0.93827208816
494,0.418984,-1.73086,4.07838,4.31577,deg,ALU,-0.457244,none,0.295932,CLAS,e-,10.2,p,0.93827208816
495,0.424083,-1.6501,4.17371,4.98574,deg,ALU,-0.329872,none,0.19744,CLAS,e-,10.2,p,0.93827208816
496,0.40243,-1.65303,4.04591,5.58503,deg,ALU,-0.169693,none,0.115958,CLAS,e-,10.2,p,0.93827208816
497,0.375097,-1.61137,4.33069,6.08321,deg,ALU,-0.080988,none,0.0782852,CLAS,e-,10.2,p,0.93827208816
498,0.469464,-0.439605,5.95892,0.201558,deg,ALU,0.0774504,none,0.113898,CLAS,e-,10.2,p,0.93827208816
499,0.469466,-0.451156,5.90404,0.518179,deg,ALU,-0.082027,none,0.121923,CLAS,e-,10.2,p,0.93827208816
500,0.445298,-0.388928,5.7664,0.899532,deg,ALU,0.245013,none,0.0922816,CLAS,e-,10.2,p,0.93827208816
501,0.447387,-0.395466,5.69052,1.27677,deg,ALU,0.163176,none,0.107887,CLAS,e-,10.2,p,0.93827208816
502,0.460628,-0.423708,5.76688,1.79142,deg,ALU,0.215279,none,0.0966399,CLAS,e-,10.2,p,0.93827208816
503,0.469975,-0.460746,5.96922,2.40283,deg,ALU,0.00530533,none,0.147682,CLAS,e-,10.2,p,0.93827208816
504,0.465348,-0.423441,5.9076,4.95016,deg,ALU,-0.193446,none,0.11681,CLAS,e-,10.2,p,0.93827208816
505,0.465477,-0.429166,5.87924,5.58766,deg,ALU,-0.223748,none,0.104584,CLAS,e-,10.2,p,0.93827208816
506,0.460129,-0.400206,5.77409,6.10377,deg,ALU,-0.0914943,none,0.109791,CLAS,e-,10.2,p,0.93827208816
507,0.459224,-0.603023,5.71743,0.304525,deg,ALU,0.0775522,none,0.100394,CLAS,e-,10.2,p,0.93827208816
508,0.456479,-0.600956,5.73007,0.855436,deg,ALU,0.413535,none,0.0694137,CLAS,e-,10.2,p,0.93827208816
509,0.454361,-0.60573,5.9222,1.52046,deg,ALU,0.369131,none,0.0716808,CLAS,e-,10.2,p,0.93827208816
510,0.472273,-0.645867,5.87162,2.05598,deg,ALU,0.349085,none,0.128643,CLAS,e-,10.2,p,0.93827208816
511,0.457234,-0.605554,5.98776,2.76736,deg,ALU,0.029331,none,0.151646,CLAS,e-,10.2,p,0.93827208816
512,0.444212,-0.591555,5.83135,4.6774,deg,ALU,-0.472629,none,0.154739,CLAS,e-,10.2,p,0.93827208816
513,0.461837,-0.616441,5.80624,5.26217,deg,ALU,-0.152555,none,0.151916,CLAS,e-,10.2,p,0.93827208816
514,0.451709,-0.598152,5.5987,5.98261,deg,ALU,-0.170389,none,0.13422,CLAS,e-,10.2,p,0.93827208816
515,0.396205,-0.812003,5.53849,0.111275,deg,ALU,0.0513152,none,0.0898513,CLAS,e-,10.2,p,0.93827208816
516,0.429388,-0.84066,5.59936,0.443541,deg,ALU,0.112426,none,0.0919728,CLAS,e-,10.2,p,0.93827208816
517,0.45765,-0.844229,5.85014,1.12431,deg,ALU,0.0740115,none,0.141705,CLAS,e-,10.2,p,0.93827208816
518,0.469867,-0.892812,5.98055,1.66834,deg,ALU,0.297,none,0.123774,CLAS,e-,10.2,p,0.93827208816
519,0.466482,-0.891138,5.78627,2.2459,deg,ALU,-0.130885,none,0.200687,CLAS,e-,10.2,p,0.93827208816
520,0.46449,-0.88094,6.04983,3.54378,deg,ALU,0.0112543,none,0.151725,CLAS,e-,10.2,p,0.93827208816
521,0.393503,-0.818696,5.49806,6.10577,deg,ALU,-0.200763,none,0.0960178,CLAS,e-,10.2,p,0.93827208816
522,0.42962,-1.84477,5.89528,0.196675,deg,ALU,-0.0462211,none,0.0943194,CLAS,e-,10.2,p,0.93827208816
523,0.447658,-2.3997,5.8143,0.628694,deg,ALU,-0.0349884,none,0.144159,CLAS,e-,10.2,p,0.93827208816
524,0.481677,-2.56913,6.13293,1.27317,deg,ALU,-0.162325,none,0.239178,CLAS,e-,10.2,p,0.93827208816
525,0.440237,-1.95673,5.76037,4.46427,deg,ALU,-0.322069,none,0.219937,CLAS,e-,10.2,p,0.93827208816
526,0.473094,-2.22563,6.04023,5.05513,deg,ALU,-0.125249,none,0.197941,CLAS,e-,10.2,p,0.93827208816
527,0.433561,-1.92996,5.91145,5.85814,deg,ALU,-0.050524,none,0.0973697,CLAS,e-,10.2,p,0.93827208816
528,0.446192,-1.94132,5.90068,6.15582,deg,ALU,0.239287,none,0.0957501,CLAS,e-,10.2,p,0.93827208816
