,E_lepton,E_hadron,lepton,hadron,col,t,Q2,xB,phi,deg/rad,bin,obs,value,units,stat_u,Sys. Err. High,Sys. Err. Low,syst_u
0,4.45,0.939565422,e-,n,JLab E08-025,-0.4,1.74,0.36,15,deg,0,d4SigUU,68.1636,pb GeV^-4,19.0093,9.5191,21.7036,21.7036
1,4.45,0.939565422,e-,n,JLab E08-025,-0.4,1.74,0.36,45,deg,0,d4SigUU,31.2501,pb GeV^-4,5.98883,4.34178,5.86889,5.86889
2,4.45,0.939565422,e-,n,JLab E08-025,-0.4,1.74,0.36,75,deg,0,d4SigUU,14.2648,pb GeV^-4,3.29185,1.61093,1.83487,1.83487
3,4.45,0.939565422,e-,n,JLab E08-025,-0.4,1.74,0.36,105,deg,0,d4SigUU,12.4727,pb GeV^-4,2.80066,0.817896,0.988449,0.988449
4,4.45,0.939565422,e-,n,JLab E08-025,-0.4,1.74,0.36,135,deg,0,d4SigUU,9.62566,pb GeV^-4,2.09563,1.08953,1.4741,1.4741
5,4.45,0.939565422,e-,n,JLab E08-025,-0.4,1.74,0.36,165,deg,0,d4SigUU,14.6469,pb GeV^-4,2.6047,2.0109,2.11549,2.11549
6,4.45,0.939565422,e-,n,JLab E08-025,-0.4,1.74,0.36,195,deg,0,d4SigUU,12.3742,pb GeV^-4,2.55037,2.86675,2.15583,2.86675
7,4.45,0.939565422,e-,n,JLab E08-025,-0.4,1.74,0.36,225,deg,0,d4SigUU,10.7854,pb GeV^-4,2.63707,1.22311,0.938545,1.22311
8,4.45,0.939565422,e-,n,JLab E08-025,-0.4,1.74,0.36,255,deg,0,d4SigUU,13.4148,pb GeV^-4,2.76369,1.95531,2.38076,2.38076
9,4.45,0.939565422,e-,n,JLab E08-025,-0.4,1.74,0.36,285,deg,0,d4SigUU,21.3326,pb GeV^-4,3.90204,1.59028,1.72436,1.72436
10,4.45,0.939565422,e-,n,JLab E08-025,-0.4,1.74,0.36,315,deg,0,d4SigUU,48.3065,pb GeV^-4,7.72156,4.90248,7.28611,7.28611
11,4.45,0.939565422,e-,n,JLab E08-025,-0.4,1.74,0.36,345,deg,0,d4SigUU,45.5709,pb GeV^-4,15.7992,6.84131,17.1951,17.1951
12,4.45,0.939565422,e-,n,JLab E08-025,-0.32,1.74,0.36,15,deg,1,d4SigUU,41.4419,pb GeV^-4,11.9545,8.59576,12.6468,12.6468
13,4.45,0.939565422,e-,n,JLab E08-025,-0.32,1.74,0.36,45,deg,1,d4SigUU,47.4992,pb GeV^-4,7.91683,9.28477,10.3216,10.3216
14,4.45,0.939565422,e-,n,JLab E08-025,-0.32,1.74,0.36,75,deg,1,d4SigUU,34.9927,pb GeV^-4,5.18727,9.18119,9.24031,9.24031
15,4.45,0.939565422,e-,n,JLab E08-025,-0.32,1.74,0.36,105,deg,1,d4SigUU,17.1767,pb GeV^-4,3.5956,3.08339,3.37048,3.37048
16,4.45,0.939565422,e-,n,JLab E08-025,-0.32,1.74,0.36,135,deg,1,d4SigUU,13.7172,pb GeV^-4,3.58729,2.93011,2.77524,2.93011
17,4.45,0.939565422,e-,n,JLab E08-025,-0.32,1.74,0.36,165,deg,1,d4SigUU,16.0506,pb GeV^-4,3.70057,5.61028,5.23438,5.61028
18,4.45,0.939565422,e-,n,JLab E08-025,-0.32,1.74,0.36,195,deg,1,d4SigUU,13.1925,pb GeV^-4,3.4992,4.56939,4.02189,4.56939
19,4.45,0.939565422,e-,n,JLab E08-025,-0.32,1.74,0.36,225,deg,1,d4SigUU,22.8442,pb GeV^-4,4.34911,4.80797,4.90278,4.90278
20,4.45,0.939565422,e-,n,JLab E08-025,-0.32,1.74,0.36,255,deg,1,d4SigUU,23.0447,pb GeV^-4,4.40571,3.63621,3.85263,3.85263
21,4.45,0.939565422,e-,n,JLab E08-025,-0.32,1.74,0.36,285,deg,1,d4SigUU,34.9138,pb GeV^-4,5.00536,9.39325,9.32406,9.39325
22,4.45,0.939565422,e-,n,JLab E08-025,-0.32,1.74,0.36,315,deg,1,d4SigUU,47.4808,pb GeV^-4,8.13302,11.3832,12.1992,12.1992
23,4.45,0.939565422,e-,n,JLab E08-025,-0.32,1.74,0.36,345,deg,1,d4SigUU,92.6194,pb GeV^-4,18.4906,14.8286,24.0143,24.0143
24,4.45,0.939565422,e-,n,JLab E08-025,-0.25,1.74,0.36,15,deg,2,d4SigUU,76.1038,pb GeV^-4,19.084,24.4868,17.6779,24.4868
25,4.45,0.939565422,e-,n,JLab E08-025,-0.25,1.74,0.36,45,deg,2,d4SigUU,59.2178,pb GeV^-4,9.61466,13.7281,11.8959,13.7281
26,4.45,0.939565422,e-,n,JLab E08-025,-0.25,1.74,0.36,75,deg,2,d4SigUU,29.9204,pb GeV^-4,4.3817,8.91831,8.58588,8.91831
27,4.45,0.939565422,e-,n,JLab E08-025,-0.25,1.74,0.36,105,deg,2,d4SigUU,25.5005,pb GeV^-4,4.15173,5.24278,5.28131,5.28131
28,4.45,0.939565422,e-,n,JLab E08-025,-0.25,1.74,0.36,135,deg,2,d4SigUU,23.2834,pb GeV^-4,4.40583,2.82672,2.25981,2.82672
29,4.45,0.939565422,e-,n,JLab E08-025,-0.25,1.74,0.36,165,deg,2,d4SigUU,21.6616,pb GeV^-4,5.03911,4.74815,5.83736,5.83736
30,4.45,0.939565422,e-,n,JLab E08-025,-0.25,1.74,0.36,195,deg,2,d4SigUU,17.417,pb GeV^-4,4.03795,3.56239,4.23779,4.23779
31,4.45,0.939565422,e-,n,JLab E08-025,-0.25,1.74,0.36,225,deg,2,d4SigUU,16.8865,pb GeV^-4,4.00752,2.73255,2.22869,2.73255
32,4.45,0.939565422,e-,n,JLab E08-025,-0.25,1.74,0.36,255,deg,2,d4SigUU,21.6699,pb GeV^-4,4.07949,5.07473,5.02758,5.07473
33,4.45,0.939565422,e-,n,JLab E08-025,-0.25,1.74,0.36,285,deg,2,d4SigUU,39.5594,pb GeV^-4,5.11741,11.1025,11.1655,11.1655
34,4.45,0.939565422,e-,n,JLab E08-025,-0.25,1.74,0.36,315,deg,2,d4SigUU,50.1708,pb GeV^-4,8.86738,12.1782,10.5784,12.1782
35,4.45,0.939565422,e-,n,JLab E08-025,-0.25,1.74,0.36,345,deg,2,d4SigUU,61.2817,pb GeV^-4,15.1354,19.1691,13.6921,19.1691
36,4.45,0.939565422,e-,n,JLab E08-025,-0.18,1.74,0.36,15,deg,3,d4SigUU,95.1959,pb GeV^-4,19.7572,41.6956,43.5123,43.5123
37,4.45,0.939565422,e-,n,JLab E08-025,-0.18,1.74,0.36,45,deg,3,d4SigUU,81.504,pb GeV^-4,13.5705,18.6001,17.5813,18.6001
38,4.45,0.939565422,e-,n,JLab E08-025,-0.18,1.74,0.36,75,deg,3,d4SigUU,37.4591,pb GeV^-4,6.04899,26.4403,25.862,26.4403
39,4.45,0.939565422,e-,n,JLab E08-025,-0.18,1.74,0.36,105,deg,3,d4SigUU,46.6197,pb GeV^-4,7.15621,21.0445,21.2997,21.2997
40,4.45,0.939565422,e-,n,JLab E08-025,-0.18,1.74,0.36,135,deg,3,d4SigUU,24.2993,pb GeV^-4,7.26293,20.8952,20.9499,20.9499
41,4.45,0.939565422,e-,n,JLab E08-025,-0.18,1.74,0.36,165,deg,3,d4SigUU,19.7802,pb GeV^-4,7.36517,31.8602,31.5374,31.8602
42,4.45,0.939565422,e-,n,JLab E08-025,-0.18,1.74,0.36,195,deg,3,d4SigUU,33.6691,pb GeV^-4,8.85288,38.5312,38.1581,38.5312
43,4.45,0.939565422,e-,n,JLab E08-025,-0.18,1.74,0.36,225,deg,3,d4SigUU,28.518,pb GeV^-4,7.64516,22.3664,22.2478,22.3664
44,4.45,0.939565422,e-,n,JLab E08-025,-0.18,1.74,0.36,255,deg,3,d4SigUU,43.4966,pb GeV^-4,7.34916,22.9036,23.0282,23.0282
45,4.45,0.939565422,e-,n,JLab E08-025,-0.18,1.74,0.36,285,deg,3,d4SigUU,57.185,pb GeV^-4,8.10903,41.405,40.5168,41.405
46,4.45,0.939565422,e-,n,JLab E08-025,-0.18,1.74,0.36,315,deg,3,d4SigUU,59.6527,pb GeV^-4,11.7449,17.4793,16.0481,17.4793
47,4.45,0.939565422,e-,n,JLab E08-025,-0.18,1.74,0.36,345,deg,3,d4SigUU,77.6039,pb GeV^-4,16.6349,35.7963,36.8318,36.8318
48,5.55,0.939565422,e-,n,JLab E08-025,-0.4,1.74,0.36,15,deg,4,d4SigUU,19.6649,pb GeV^-4,8.3403,4.47684,13.586,13.586
49,5.55,0.939565422,e-,n,JLab E08-025,-0.4,1.74,0.36,45,deg,4,d4SigUU,15.4314,pb GeV^-4,4.46866,3.699,6.04069,6.04069
50,5.55,0.939565422,e-,n,JLab E08-025,-0.4,1.74,0.36,75,deg,4,d4SigUU,14.3022,pb GeV^-4,2.67224,1.89122,2.02944,2.02944
51,5.55,0.939565422,e-,n,JLab E08-025,-0.4,1.74,0.36,105,deg,4,d4SigUU,8.25763,pb GeV^-4,2.73027,1.94935,1.29343,1.94935
52,5.55,0.939565422,e-,n,JLab E08-025,-0.4,1.74,0.36,135,deg,4,d4SigUU,2.92917,pb GeV^-4,1.83246,1.3019,0.968604,1.3019
53,5.55,0.939565422,e-,n,JLab E08-025,-0.4,1.74,0.36,165,deg,4,d4SigUU,9.34889,pb GeV^-4,2.80849,1.68167,2.20648,2.20648
54,5.55,0.939565422,e-,n,JLab E08-025,-0.4,1.74,0.36,195,deg,4,d4SigUU,10.3409,pb GeV^-4,2.66901,2.11352,2.64143,2.64143
55,5.55,0.939565422,e-,n,JLab E08-025,-0.4,1.74,0.36,225,deg,4,d4SigUU,8.39732,pb GeV^-4,2.12201,1.18342,1.94406,1.94406
56,5.55,0.939565422,e-,n,JLab E08-025,-0.4,1.74,0.36,255,deg,4,d4SigUU,15.5517,pb GeV^-4,3.00584,1.87702,3.29109,3.29109
57,5.55,0.939565422,e-,n,JLab E08-025,-0.4,1.74,0.36,285,deg,4,d4SigUU,17.4739,pb GeV^-4,3.13107,2.50145,1.98951,2.50145
58,5.55,0.939565422,e-,n,JLab E08-025,-0.4,1.74,0.36,315,deg,4,d4SigUU,16.8339,pb GeV^-4,4.4176,3.27694,4.85456,4.85456
59,5.55,0.939565422,e-,n,JLab E08-025,-0.4,1.74,0.36,345,deg,4,d4SigUU,5.64666,pb GeV^-4,5.55106,3.5799,10.8534,10.8534
60,5.55,0.939565422,e-,n,JLab E08-025,-0.32,1.74,0.36,15,deg,5,d4SigUU,16.5013,pb GeV^-4,6.63751,6.85547,9.41782,9.41782
61,5.55,0.939565422,e-,n,JLab E08-025,-0.32,1.74,0.36,45,deg,5,d4SigUU,18.9886,pb GeV^-4,4.68806,5.13918,6.09174,6.09174
62,5.55,0.939565422,e-,n,JLab E08-025,-0.32,1.74,0.36,75,deg,5,d4SigUU,10.884,pb GeV^-4,3.10852,3.97341,4.21786,4.21786
63,5.55,0.939565422,e-,n,JLab E08-025,-0.32,1.74,0.36,105,deg,5,d4SigUU,15.9598,pb GeV^-4,3.7011,3.34241,3.64578,3.64578
64,5.55,0.939565422,e-,n,JLab E08-025,-0.32,1.74,0.36,135,deg,5,d4SigUU,10.8028,pb GeV^-4,3.59026,2.79919,2.89563,2.89563
65,5.55,0.939565422,e-,n,JLab E08-025,-0.32,1.74,0.36,165,deg,5,d4SigUU,17.3868,pb GeV^-4,3.86437,6.18441,6.16879,6.18441
66,5.55,0.939565422,e-,n,JLab E08-025,-0.32,1.74,0.36,195,deg,5,d4SigUU,7.9187,pb GeV^-4,2.71484,3.76301,3.21722,3.76301
67,5.55,0.939565422,e-,n,JLab E08-025,-0.32,1.74,0.36,225,deg,5,d4SigUU,12.0992,pb GeV^-4,3.34047,3.06748,3.18174,3.18174
68,5.55,0.939565422,e-,n,JLab E08-025,-0.32,1.74,0.36,255,deg,5,d4SigUU,9.76586,pb GeV^-4,3.36039,1.93682,2.9007,2.9007
69,5.55,0.939565422,e-,n,JLab E08-025,-0.32,1.74,0.36,285,deg,5,d4SigUU,28.3084,pb GeV^-4,4.9247,9.00567,9.30685,9.30685
70,5.55,0.939565422,e-,n,JLab E08-025,-0.32,1.74,0.36,315,deg,5,d4SigUU,25.7737,pb GeV^-4,5.52837,6.47727,7.49175,7.49175
71,5.55,0.939565422,e-,n,JLab E08-025,-0.32,1.74,0.36,345,deg,5,d4SigUU,25.8477,pb GeV^-4,8.57404,9.07725,12.6618,12.6618
72,5.55,0.939565422,e-,n,JLab E08-025,-0.25,1.75,0.36,15,deg,6,d4SigUU,10.5128,pb GeV^-4,7.62892,11.4528,8.41373,11.4528
73,5.55,0.939565422,e-,n,JLab E08-025,-0.25,1.75,0.36,45,deg,6,d4SigUU,14.1758,pb GeV^-4,4.39049,6.12733,4.65952,6.12733
74,5.55,0.939565422,e-,n,JLab E08-025,-0.25,1.75,0.36,75,deg,6,d4SigUU,11.2011,pb GeV^-4,2.83251,5.59278,5.57475,5.59278
75,5.55,0.939565422,e-,n,JLab E08-025,-0.25,1.75,0.36,105,deg,6,d4SigUU,13.9955,pb GeV^-4,3.27142,3.78099,3.63261,3.78099
76,5.55,0.939565422,e-,n,JLab E08-025,-0.25,1.75,0.36,135,deg,6,d4SigUU,7.08483,pb GeV^-4,2.39831,1.3453,1.25663,1.3453
77,5.55,0.939565422,e-,n,JLab E08-025,-0.25,1.75,0.36,165,deg,6,d4SigUU,16.7697,pb GeV^-4,4.47227,4.01774,4.50612,4.50612
78,5.55,0.939565422,e-,n,JLab E08-025,-0.25,1.75,0.36,195,deg,6,d4SigUU,12.3528,pb GeV^-4,3.24085,2.62001,2.81689,2.81689
79,5.55,0.939565422,e-,n,JLab E08-025,-0.25,1.75,0.36,225,deg,6,d4SigUU,16.1324,pb GeV^-4,3.93964,2.57891,2.70352,2.70352
80,5.55,0.939565422,e-,n,JLab E08-025,-0.25,1.75,0.36,255,deg,6,d4SigUU,26.0633,pb GeV^-4,4.52548,5.20661,5.3983,5.3983
81,5.55,0.939565422,e-,n,JLab E08-025,-0.25,1.75,0.36,285,deg,6,d4SigUU,12.1237,pb GeV^-4,3.01531,5.06473,5.14061,5.14061
82,5.55,0.939565422,e-,n,JLab E08-025,-0.25,1.75,0.36,315,deg,6,d4SigUU,21.8353,pb GeV^-4,5.16209,6.96664,5.32868,6.96664
83,5.55,0.939565422,e-,n,JLab E08-025,-0.25,1.75,0.36,345,deg,6,d4SigUU,8.57859,pb GeV^-4,5.4634,8.01109,5.85933,8.01109
84,5.55,0.939565422,e-,n,JLab E08-025,-0.18,1.75,0.36,15,deg,7,d4SigUU,42.6841,pb GeV^-4,10.2651,21.8691,23.102,23.102
85,5.55,0.939565422,e-,n,JLab E08-025,-0.18,1.75,0.36,45,deg,7,d4SigUU,33.5083,pb GeV^-4,6.86984,12.1661,12.0356,12.1661
86,5.55,0.939565422,e-,n,JLab E08-025,-0.18,1.75,0.36,75,deg,7,d4SigUU,24.8989,pb GeV^-4,5.13408,19.4845,19.3147,19.4845
87,5.55,0.939565422,e-,n,JLab E08-025,-0.18,1.75,0.36,105,deg,7,d4SigUU,26.5537,pb GeV^-4,6.05554,15.5326,15.6427,15.6427
88,5.55,0.939565422,e-,n,JLab E08-025,-0.18,1.75,0.36,135,deg,7,d4SigUU,16.5109,pb GeV^-4,6.05113,8.77417,8.70249,8.77417
89,5.55,0.939565422,e-,n,JLab E08-025,-0.18,1.75,0.36,165,deg,7,d4SigUU,5.95474,pb GeV^-4,5.16475,13.3509,13.1047,13.3509
90,5.55,0.939565422,e-,n,JLab E08-025,-0.18,1.75,0.36,195,deg,7,d4SigUU,22.1234,pb GeV^-4,7.3888,18.7384,18.5449,18.7384
91,5.55,0.939565422,e-,n,JLab E08-025,-0.18,1.75,0.36,225,deg,7,d4SigUU,22.6585,pb GeV^-4,6.92441,10.0108,9.90932,10.0108
92,5.55,0.939565422,e-,n,JLab E08-025,-0.18,1.75,0.36,255,deg,7,d4SigUU,26.6215,pb GeV^-4,6.45375,16.616,16.7097,16.7097
93,5.55,0.939565422,e-,n,JLab E08-025,-0.18,1.75,0.36,285,deg,7,d4SigUU,20.669,pb GeV^-4,4.86368,14.5959,14.4555,14.5959
94,5.55,0.939565422,e-,n,JLab E08-025,-0.18,1.75,0.36,315,deg,7,d4SigUU,24.3668,pb GeV^-4,6.09201,11.6442,11.6229,11.6442
95,5.55,0.939565422,e-,n,JLab E08-025,-0.18,1.75,0.36,345,deg,7,d4SigUU,36.4676,pb GeV^-4,9.08082,19.1987,20.0302,20.0302