,xB,t,Q2,phi,bin,deg/rad,obs,value,stat_u,syst_u,units,col,lepton,E_lepton,hadron,E_hadron
0,0.127791,-0.399298,1.60996,26.9011,0,deg,ALU,0.0129924,0.0136986,0.00732952,none,CLAS,e-,5.932,n,0.938
1,0.113476,-0.281453,1.59661,71.9517,0,deg,ALU,0.0549768,0.0199304,0.0165577,none,CLAS,e-,5.932,n,0.938
2,0.171955,-0.411151,1.63804,129.894,0,deg,ALU,0.0311117,0.0430537,0.0106868,none,CLAS,e-,5.932,n,0.938
3,0.180493,-0.505593,1.64577,177.599,0,deg,ALU,0.00258181,0.0506054,0.00342626,none,CLAS,e-,5.932,n,0.938
4,0.170296,-0.409475,1.63385,230.649,0,deg,ALU,0.00121812,0.054365,0.0129061,none,CLAS,e-,5.932,n,0.938
5,0.112861,-0.308094,1.58579,289.375,0,deg,ALU,-0.0269679,0.021877,0.00915246,none,CLAS,e-,5.932,n,0.938
6,0.12786,-0.403268,1.61054,331.743,0,deg,ALU,-0.0323581,0.0144779,0.0110608,none,CLAS,e-,5.932,n,0.938
7,0.17519,-0.400756,2.32763,26.0951,1,deg,ALU,0.032576,0.0123729,0.0069708,none,CLAS,e-,5.932,n,0.938
8,0.175037,-0.320296,2.32203,71.1161,1,deg,ALU,0.0444287,0.02092,0.0120084,none,CLAS,e-,5.932,n,0.938
9,0.266502,-0.606704,2.34501,130.019,1,deg,ALU,0.0359422,0.0440037,0.0110415,none,CLAS,e-,5.932,n,0.938
10,0.256528,-0.619464,2.35765,178.386,1,deg,ALU,-0.00858886,0.0459189,0.00626969,none,CLAS,e-,5.932,n,0.938
11,0.26005,-0.600834,2.36054,230.878,1,deg,ALU,-0.0610168,0.0486971,0.00686374,none,CLAS,e-,5.932,n,0.938
12,0.169863,-0.344254,2.3312,289.38,1,deg,ALU,-0.0313887,0.0229532,0.0111883,none,CLAS,e-,5.932,n,0.938
13,0.174655,-0.405209,2.32678,333.123,1,deg,ALU,-0.012897,0.0131454,0.00658088,none,CLAS,e-,5.932,n,0.938
14,0.260332,-0.471153,3.78888,25.1936,2,deg,ALU,0.0341741,0.0158753,0.00825815,none,CLAS,e-,5.932,n,0.938
15,0.3216,-0.571534,3.99901,74.4928,2,deg,ALU,0.0291453,0.033552,0.00872318,none,CLAS,e-,5.932,n,0.938
16,0.391376,-0.816081,4.10106,129.966,2,deg,ALU,0.06508,0.0534012,0.0105105,none,CLAS,e-,5.932,n,0.938
17,0.365174,-0.831158,4.0382,177.878,2,deg,ALU,-0.00559244,0.0550406,0.0117411,none,CLAS,e-,5.932,n,0.938
18,0.386461,-0.842419,4.00422,230.905,2,deg,ALU,-0.112338,0.0644363,0.0111901,none,CLAS,e-,5.932,n,0.938
19,0.302899,-0.537446,3.86794,286.649,2,deg,ALU,-0.0346924,0.0367964,0.0094769,none,CLAS,e-,5.932,n,0.938
20,0.261032,-0.467643,3.80832,334.872,2,deg,ALU,-0.0248159,0.0169401,0.00778486,none,CLAS,e-,5.932,n,0.938
21,0.207744,-0.729308,2.65165,24.0588,3,deg,ALU,0.0224644,0.0145705,0.00758752,none,CLAS,e-,5.932,n,0.938
22,0.342792,-0.878197,3.49601,77.0596,3,deg,ALU,0.0596181,0.0415284,0.010128,none,CLAS,e-,5.932,n,0.938
23,0.361404,-0.970013,3.19165,131.176,3,deg,ALU,0.0508091,0.0564163,0.0107436,none,CLAS,e-,5.932,n,0.938
24,0.315143,-0.950014,2.97219,177.741,3,deg,ALU,-0.00527511,0.0471656,0.00400287,none,CLAS,e-,5.932,n,0.938
25,0.356813,-1.02118,3.11596,230.42,3,deg,ALU,-0.0583162,0.0712404,0.00809562,none,CLAS,e-,5.932,n,0.938
26,0.289431,-0.852378,2.96326,284.932,3,deg,ALU,-0.021429,0.0417441,0.00646894,none,CLAS,e-,5.932,n,0.938
27,0.210317,-0.740407,2.62804,334.768,3,deg,ALU,-0.0178085,0.015425,0.00692529,none,CLAS,e-,5.932,n,0.938
28,0.18585,-0.403922,2.51597,27.1286,4,deg,ALU,0.0420754,0.0156686,0.0174653,none,CLAS,e-,5.932,n,0.938
29,0.178348,-0.385124,2.39752,68.7917,4,deg,ALU,0.0242777,0.0277469,0.0204263,none,CLAS,e-,5.932,n,0.938
30,0.265698,-0.383647,2.66041,131.141,4,deg,ALU,0.00720989,0.0555492,0.00647283,none,CLAS,e-,5.932,n,0.938
31,0.258187,-0.406038,2.5016,177.567,4,deg,ALU,0.0769433,0.0624121,0.00583887,none,CLAS,e-,5.932,n,0.938
32,0.291756,-0.379835,2.70474,228.4,4,deg,ALU,-0.00637284,0.0717432,0.00668517,none,CLAS,e-,5.932,n,0.938
33,0.170829,-0.395351,2.35238,291.984,4,deg,ALU,-0.0443723,0.0316488,0.0370241,none,CLAS,e-,5.932,n,0.938
34,0.183621,-0.406926,2.5085,332.434,4,deg,ALU,-0.0245148,0.0169102,0.0209328,none,CLAS,e-,5.932,n,0.938
35,0.159806,-0.224162,2.28628,26.9296,5,deg,ALU,0.0196761,0.0118644,0.00596251,none,CLAS,e-,5.932,n,0.938
36,0.141438,-0.215153,2.1057,72.0249,5,deg,ALU,0.0486985,0.0159417,0.0135936,none,CLAS,e-,5.932,n,0.938
37,0.175402,-0.206008,2.19564,127.318,5,deg,ALU,0.0459122,0.0275629,0.0155808,none,CLAS,e-,5.932,n,0.938
38,0.184383,-0.210192,2.22677,178.832,5,deg,ALU,-0.00333617,0.0360878,0.0490868,none,CLAS,e-,5.932,n,0.938
39,0.169296,-0.192089,2.22347,232.384,5,deg,ALU,-0.0721457,0.0307791,0.0155936,none,CLAS,e-,5.932,n,0.938
40,0.138518,-0.210481,2.14082,289.078,5,deg,ALU,-0.0254894,0.0173322,0.00726888,none,CLAS,e-,5.932,n,0.938
41,0.159299,-0.225065,2.30962,332.401,5,deg,ALU,-0.0238949,0.0125113,0.00776349,none,CLAS,e-,5.932,n,0.938
42,0.115578,-0.367288,1.69429,30.5818,6,deg,ALU,0.0286924,0.0135195,0.0134877,none,CLAS,e-,5.932,n,0.938
43,0.108466,-0.264439,1.73896,70.8888,6,deg,ALU,0.0439069,0.0169188,0.0228799,none,CLAS,e-,5.932,n,0.938
44,0.110378,-0.236258,1.69471,125.78,6,deg,ALU,0.0561235,0.0376814,0.0249785,none,CLAS,e-,5.932,n,0.938
45,0.114549,-0.283309,1.66438,176.603,6,deg,ALU,-0.00160433,0.053984,0.00199882,none,CLAS,e-,5.932,n,0.938
46,0.10773,-0.215613,1.74901,235.518,6,deg,ALU,-0.043343,0.0410107,0.0124839,none,CLAS,e-,5.932,n,0.938
47,0.108155,-0.270456,1.72466,290.168,6,deg,ALU,-0.0314223,0.0185907,0.0194917,none,CLAS,e-,5.932,n,0.938
48,0.115833,-0.363197,1.68625,328.248,6,deg,ALU,-0.0158939,0.014446,0.0130692,none,CLAS,e-,5.932,n,0.938
49,0.167138,-0.389396,2.34185,25.2964,7,deg,ALU,0.030555,0.0128853,0.00587944,none,CLAS,e-,5.932,n,0.938
50,0.165946,-0.283644,2.5551,68.7619,7,deg,ALU,0.0767929,0.025083,0.00961281,none,CLAS,e-,5.932,n,0.938
51,0.168095,-0.350391,2.12944,129.138,7,deg,ALU,0.0182685,0.0419294,0.00735623,none,CLAS,e-,5.932,n,0.938
52,0.169885,-0.469038,2.08455,177.545,7,deg,ALU,0.0879888,0.0481697,0.0076359,none,CLAS,e-,5.932,n,0.938
53,0.16817,-0.347753,2.29071,231.727,7,deg,ALU,-0.00559402,0.0503216,0.00808812,none,CLAS,e-,5.932,n,0.938
54,0.16478,-0.308744,2.54486,290.687,7,deg,ALU,-0.0661526,0.0269996,0.0112999,none,CLAS,e-,5.932,n,0.938
55,0.166655,-0.390195,2.32508,333.833,7,deg,ALU,-0.04558,0.0135917,0.00638631,none,CLAS,e-,5.932,n,0.938
56,0.268108,-0.508805,3.42103,22.3118,8,deg,ALU,0.0195539,0.0149558,0.00742757,none,CLAS,e-,5.932,n,0.938
57,0.33182,-0.596099,3.47041,77.3896,8,deg,ALU,0.00489745,0.0340556,0.0120063,none,CLAS,e-,5.932,n,0.938
58,0.34938,-0.77468,3.16184,131.033,8,deg,ALU,0.0405677,0.039317,0.016211,none,CLAS,e-,5.932,n,0.938
59,0.320556,-0.762854,3.01045,178.364,8,deg,ALU,-0.0152596,0.0382292,0.00594601,none,CLAS,e-,5.932,n,0.938
60,0.348733,-0.803175,3.09108,229.411,8,deg,ALU,-0.0830502,0.048562,0.0153679,none,CLAS,e-,5.932,n,0.938
61,0.321706,-0.639862,3.42318,284.01,8,deg,ALU,-0.000499255,0.0387079,0.00420929,none,CLAS,e-,5.932,n,0.938
62,0.268222,-0.519272,3.45298,337.459,8,deg,ALU,-0.000407021,0.015893,0.0098591,none,CLAS,e-,5.932,n,0.938